ISO3,Country ,Year,ECI_Score,Year_Ranking
AFG,Afghanistan,2019,-1.1292,113
AFG,Afghanistan,2020,-1.19961,114
AFG,Afghanistan,2021,-1.19754,116
ARM,Armenia,2013,0.13083,57
ARM,Armenia,2014,0.10461,59
ARM,Armenia,2015,0.06207,60
ARM,Armenia,2016,-0.02157,61
ARM,Armenia,2017,-0.21822,74
ARM,Armenia,2018,-0.31192,78
ARM,Armenia,2019,-0.36047,78
ARM,Armenia,2020,-0.28792,74
ARM,Armenia,2021,-0.1429,70
BEN,Benin,2014,-0.56916,94
BEN,Benin,2015,-0.50096,87
BEN,Benin,2021,-0.69575,92
BFA,Burkina Faso,2011,-1.24849,116
BFA,Burkina Faso,2012,-1.36994,121
BFA,Burkina Faso,2013,-1.44345,126
BFA,Burkina Faso,2014,-1.16514,119
BFA,Burkina Faso,2015,-1.14446,118
BFA,Burkina Faso,2016,-1.35407,119
BFA,Burkina Faso,2017,-1.48997,123
BFA,Burkina Faso,2018,-1.50397,124
BFA,Burkina Faso,2019,-1.47933,125
BFA,Burkina Faso,2020,-1.71198,129
BFA,Burkina Faso,2021,-1.86633,129
ETH,Ethiopia,2011,-0.85207,103
ETH,Ethiopia,2012,-1.0239,106
ETH,Ethiopia,2013,-1.04168,109
ETH,Ethiopia,2014,-0.98359,111
ETH,Ethiopia,2015,-0.96494,109
ETH,Ethiopia,2016,-1.03529,111
ETH,Ethiopia,2017,-0.89525,102
ETH,Ethiopia,2018,-0.68734,94
ETH,Ethiopia,2019,-0.80889,96
ETH,Ethiopia,2020,-0.88105,98
ETH,Ethiopia,2021,-0.83238,100
KGZ,Kyrgyzstan,2011,-0.36534,81
KGZ,Kyrgyzstan,2012,-0.28815,73
KGZ,Kyrgyzstan,2013,-0.19799,71
KGZ,Kyrgyzstan,2014,-0.13407,72
KGZ,Kyrgyzstan,2015,-0.0689,64
KGZ,Kyrgyzstan,2016,-0.08342,65
KGZ,Kyrgyzstan,2017,-0.0199,60
KGZ,Kyrgyzstan,2018,-0.0847,63
KGZ,Kyrgyzstan,2019,-0.22034,70
KGZ,Kyrgyzstan,2020,-0.23247,72
KGZ,Kyrgyzstan,2021,-0.11665,69
LAO,Laos,2010,-1.22921,110
LAO,Laos,2011,-1.31295,118
LAO,Laos,2012,-1.35215,120
LAO,Laos,2013,-1.25725,119
LAO,Laos,2014,-1.13076,116
LAO,Laos,2015,-1.08087,114
LAO,Laos,2016,-1.13279,113
LAO,Laos,2017,-1.01198,110
LAO,Laos,2018,-0.97388,109
LAO,Laos,2019,-0.97955,105
LAO,Laos,2020,-0.96673,101
LAO,Laos,2021,-0.72132,94
MDG,Madagascar,2013,-1.13246,114
MDG,Madagascar,2014,-1.12924,115
MDG,Madagascar,2015,-1.19523,120
MDG,Madagascar,2016,-1.36056,120
MDG,Madagascar,2017,-1.31171,118
MDG,Madagascar,2018,-1.28876,120
MDG,Madagascar,2019,-1.26989,117
MDG,Madagascar,2020,-1.21036,116
MDG,Madagascar,2021,-1.1097,113
MLI,Mali,2008,-0.65587,89
MLI,Mali,2011,-0.79866,100
MLI,Mali,2012,-0.73692,96
MLI,Mali,2013,-0.74312,98
MLI,Mali,2014,-0.9826,110
MLI,Mali,2015,-1.25279,121
MLI,Mali,2016,-1.04465,112
MLI,Mali,2017,-0.85521,99
MLI,Mali,2018,-0.78886,99
MLI,Mali,2019,-0.86657,100
MLI,Mali,2020,-1.11118,108
MLI,Mali,2021,-1.57965,126
MWI,Malawi,2012,-0.87116,103
MWI,Malawi,2013,-0.88558,104
NER,Niger,2013,-0.96981,107
NER,Niger,2014,-0.86439,105
NER,Niger,2015,-0.86818,105
NER,Niger,2020,-0.77407,96
NER,Niger,2021,-0.79766,98
PRK,North Korea,2007,0.84073,28
PRK,North Korea,2008,0.86579,27
PRK,North Korea,2009,0.81068,30
PRK,North Korea,2010,0.66617,35
PRK,North Korea,2011,0.54146,40
PRK,North Korea,2012,0.34174,49
PRK,North Korea,2013,0.09157,58
PRK,North Korea,2014,-0.0289,67
PRK,North Korea,2015,-0.14406,69
PRK,North Korea,2016,-0.37035,77
PRK,North Korea,2017,-0.31707,77
PRK,North Korea,2018,-0.12779,70
SLE,Sierra Leone,2014,-0.65646,101
SLE,Sierra Leone,2015,-0.56208,89
SSD,South Sudan,2014,-2.96098,134
SSD,South Sudan,2015,-2.94475,133
SSD,South Sudan,2016,-2.2209,129
SSD,South Sudan,2017,-2.1596,129
SSD,South Sudan,2018,-2.14153,130
SSD,South Sudan,2019,-2.23185,129
TGO,Togo,2009,-0.83452,97
TGO,Togo,2010,-0.76829,93
TGO,Togo,2011,-0.70612,93
TGO,Togo,2012,-0.9266,104
TGO,Togo,2013,-0.71375,97
TGO,Togo,2014,-0.63576,99
TGO,Togo,2015,-0.58198,92
TGO,Togo,2016,-0.57135,84
TGO,Togo,2017,-0.7154,93
TGO,Togo,2018,-0.7606,98
TGO,Togo,2019,-0.89107,101
TGO,Togo,2020,-0.85732,97
TGO,Togo,2021,-0.94178,106
TJK,Tajikistan,2021,-0.67723,91
COD,DRC,2007,-1.70411,113
COD,DRC,2008,-1.32214,111
COD,DRC,2009,-1.60134,115
COD,DRC,2010,-1.6494,117
COD,DRC,2011,-1.08048,109
COD,DRC,2012,-1.10065,109
COD,DRC,2013,-1.05639,111
COD,DRC,2014,-1.58958,130
COD,DRC,2015,-1.35467,123
COD,DRC,2016,-1.52642,125
COD,DRC,2017,-1.38117,120
COD,DRC,2018,-1.43194,123
COD,DRC,2019,-1.39168,121
COD,DRC,2020,-1.38681,122
COD,DRC,2021,-1.78243,128
TCD,Chad,2006,-1.4711,105
TCD,Chad,2007,-1.84418,117
TCD,Chad,2008,-2.76781,123
TCD,Chad,2009,-1.77308,118
TCD,Chad,2010,-0.28356,72
TCD,Chad,2011,-0.176,68
TCD,Chad,2012,-1.30061,118
TCD,Chad,2013,-2.77844,132
TCD,Chad,2014,-2.68316,133
TCD,Chad,2015,-2.22928,132
TCD,Chad,2016,-1.7879,127
TCD,Chad,2017,-1.62404,126
TCD,Chad,2018,-1.87826,128
TCD,Chad,2020,-1.5785,126
TCD,Chad,2021,-1.95194,131
CUB,Cuba,1999,-0.0616,49
CUB,Cuba,2000,-0.15689,55
CUB,Cuba,2001,-0.20053,58
CUB,Cuba,2002,-0.45196,67
CUB,Cuba,2003,-0.30849,56
CUB,Cuba,2004,0.08651,49
CUB,Cuba,2005,0.20758,44
CUB,Cuba,2006,0.39433,39
CUB,Cuba,2007,0.37165,43
CUB,Cuba,2008,0.22481,52
CUB,Cuba,2009,-0.17407,65
CUB,Cuba,2010,-0.18177,68
CUB,Cuba,2011,-0.17925,69
CUB,Cuba,2012,-0.1381,66
CUB,Cuba,2013,-0.05267,68
CUB,Cuba,2014,-0.0704,69
CUB,Cuba,2015,-0.21641,75
CUB,Cuba,2016,-0.14384,67
CUB,Cuba,2017,-0.00666,59
CUB,Cuba,2018,0.00605,59
CUB,Cuba,2019,-0.28316,73
IRN,Iran,1998,-0.18174,53
IRN,Iran,1999,-0.39232,62
IRN,Iran,2000,-0.46084,66
IRN,Iran,2001,-0.37147,66
IRN,Iran,2002,-0.5082,70
IRN,Iran,2003,-0.53824,71
IRN,Iran,2004,-0.39607,66
IRN,Iran,2005,-0.33132,64
IRN,Iran,2006,-0.21642,63
IRN,Iran,2007,-0.2432,70
IRN,Iran,2008,-0.29692,77
IRN,Iran,2009,-0.3017,75
IRN,Iran,2010,-0.29106,73
IRN,Iran,2011,-0.16344,64
IRN,Iran,2012,-0.1401,67
IRN,Iran,2013,-0.01407,64
IRN,Iran,2014,0.10261,60
IRN,Iran,2015,0.12103,57
IRN,Iran,2016,0.02358,59
IRN,Iran,2017,-0.02956,61
IRN,Iran,2018,-0.0426,61
IRN,Iran,2019,-0.09043,65
IRN,Iran,2020,-0.07381,65
IRN,Iran,2021,0.06276,59
IRQ,Iraq,1998,-2.56914,90
IRQ,Iraq,1999,-2.83921,92
IRQ,Iraq,2000,-2.5625,97
IRQ,Iraq,2001,-3.37785,102
IRQ,Iraq,2002,-1.3045,93
IRQ,Iraq,2003,-0.49717,67
IRQ,Iraq,2004,-0.9126,88
IRQ,Iraq,2005,-0.87633,85
IRQ,Iraq,2006,-1.33249,100
IRQ,Iraq,2007,-1.71823,114
IRQ,Iraq,2008,-1.62364,116
IRQ,Iraq,2009,-1.72274,116
IRQ,Iraq,2010,-1.65728,119
IRQ,Iraq,2011,-1.72963,123
IRQ,Iraq,2012,-1.5685,124
IRQ,Iraq,2013,-1.31372,121
IRQ,Iraq,2014,-1.288,123
IRQ,Iraq,2015,-0.58695,95
IRQ,Iraq,2016,-0.79952,99
IRQ,Iraq,2017,-0.94748,106
IRQ,Iraq,2018,-0.8168,103
IRQ,Iraq,2019,-0.50111,82
IRQ,Iraq,2020,-0.69648,92
IRQ,Iraq,2021,-1.08466,111
OMN,Oman,1998,-0.84096,68
OMN,Oman,1999,-0.84832,76
OMN,Oman,2000,-0.71167,76
OMN,Oman,2001,-0.52497,74
OMN,Oman,2002,-0.48584,69
OMN,Oman,2003,-0.57314,73
OMN,Oman,2004,-0.56269,76
OMN,Oman,2005,-0.7747,82
OMN,Oman,2006,-0.78076,84
OMN,Oman,2007,-0.61178,84
OMN,Oman,2008,-0.5017,83
OMN,Oman,2009,-0.54582,86
OMN,Oman,2010,-0.60104,89
OMN,Oman,2011,-0.49189,84
OMN,Oman,2012,-0.51645,84
OMN,Oman,2013,-0.34313,78
OMN,Oman,2014,-0.25572,79
OMN,Oman,2015,-0.19308,73
OMN,Oman,2016,-0.17387,69
OMN,Oman,2017,-0.20706,73
OMN,Oman,2018,-0.30301,77
OMN,Oman,2019,-0.32295,75
OMN,Oman,2020,-0.20649,70
OMN,Oman,2021,-0.25169,74
PER,Peru,1998,-0.46927,62
PER,Peru,1999,-0.52466,64
PER,Peru,2000,-0.54757,68
PER,Peru,2001,-0.50225,71
PER,Peru,2002,-0.53146,72
PER,Peru,2003,-0.77318,80
PER,Peru,2004,-0.9156,90
PER,Peru,2005,-0.93544,90
PER,Peru,2006,-0.88044,90
PER,Peru,2007,-0.72896,91
PER,Peru,2008,-0.70398,97
PER,Peru,2009,-0.73984,95
PER,Peru,2010,-0.80185,98
PER,Peru,2011,-0.79793,99
PER,Peru,2012,-0.68634,93
PER,Peru,2013,-0.59476,91
PER,Peru,2014,-0.51006,90
PER,Peru,2015,-0.58402,94
PER,Peru,2016,-0.644,89
PER,Peru,2017,-0.66968,91
PER,Peru,2018,-0.61996,92
PER,Peru,2019,-0.63159,90
PER,Peru,2020,-0.69558,91
PER,Peru,2021,-0.67127,90
CHL,Chile,1998,0.27947,40
CHL,Chile,1999,0.13463,40
CHL,Chile,2000,0.07436,42
CHL,Chile,2001,0.08021,48
CHL,Chile,2002,-0.07443,54
CHL,Chile,2003,-0.18322,54
CHL,Chile,2004,-0.2421,59
CHL,Chile,2005,-0.2543,61
CHL,Chile,2006,-0.23903,64
CHL,Chile,2007,-0.21469,68
CHL,Chile,2008,-0.25265,72
CHL,Chile,2009,-0.21915,70
CHL,Chile,2010,-0.21431,69
CHL,Chile,2011,-0.17103,67
CHL,Chile,2012,-0.08191,63
CHL,Chile,2013,-0.03415,67
CHL,Chile,2014,0.0196,61
CHL,Chile,2015,-0.09295,67
CHL,Chile,2016,-0.1557,68
CHL,Chile,2017,-0.19637,71
CHL,Chile,2018,-0.1572,71
CHL,Chile,2019,-0.22945,71
CHL,Chile,2020,-0.2226,71
CHL,Chile,2021,-0.25733,75
CHN,China,1998,-0.37806,59
CHN,China,1999,-0.30711,58
CHN,China,2000,-0.11505,54
CHN,China,2001,-0.00902,53
CHN,China,2002,-0.04205,51
CHN,China,2003,-0.01915,48
CHN,China,2004,0.19453,43
CHN,China,2005,0.24729,41
CHN,China,2006,0.3955,38
CHN,China,2007,0.57553,36
CHN,China,2008,0.66291,34
CHN,China,2009,0.6839,34
CHN,China,2010,0.66939,34
CHN,China,2011,0.75882,30
CHN,China,2012,0.81573,31
CHN,China,2013,0.84659,28
CHN,China,2014,0.86115,28
CHN,China,2015,0.86408,30
CHN,China,2016,0.81436,31
CHN,China,2017,0.86738,30
CHN,China,2018,0.91603,30
CHN,China,2019,0.9604,28
CHN,China,2020,0.99361,27
CHN,China,2021,1.08848,25
COG,Congo,2000,-1.48479,91
COG,Congo,2001,-1.3919,93
COG,Congo,2002,-1.76073,102
COG,Congo,2003,-1.86313,101
COG,Congo,2004,-2.07918,108
COG,Congo,2005,-1.93545,109
COG,Congo,2006,-1.96572,113
COG,Congo,2007,-1.67894,111
COG,Congo,2008,-1.41073,114
COG,Congo,2009,-1.1744,110
COG,Congo,2010,-1.30701,113
COG,Congo,2011,-1.45563,119
COG,Congo,2012,-1.20811,115
COG,Congo,2013,-1.36262,123
COG,Congo,2014,-1.37621,125
COG,Congo,2015,-1.45235,127
COG,Congo,2016,-1.14782,114
COG,Congo,2017,-0.93282,105
COG,Congo,2018,-0.90346,105
COG,Congo,2019,-1.03043,107
COG,Congo,2020,-1.05196,106
COG,Congo,2021,-1.04018,108
EGY,Egypt,1998,-0.65302,65
EGY,Egypt,1999,-0.62194,66
EGY,Egypt,2000,-0.54593,67
EGY,Egypt,2001,-0.50831,73
EGY,Egypt,2002,-0.55018,73
EGY,Egypt,2003,-0.52821,70
EGY,Egypt,2004,-0.40018,67
EGY,Egypt,2005,-0.38807,68
EGY,Egypt,2006,-0.4187,72
EGY,Egypt,2007,-0.3286,76
EGY,Egypt,2008,-0.26238,73
EGY,Egypt,2009,-0.27961,74
EGY,Egypt,2010,-0.3129,76
EGY,Egypt,2011,-0.33882,79
EGY,Egypt,2012,-0.37719,80
EGY,Egypt,2013,-0.26543,74
EGY,Egypt,2014,-0.15711,73
EGY,Egypt,2015,-0.14924,70
EGY,Egypt,2016,-0.18309,70
EGY,Egypt,2017,-0.11133,66
EGY,Egypt,2018,-0.11977,69
EGY,Egypt,2019,-0.14923,67
EGY,Egypt,2020,-0.16242,69
EGY,Egypt,2021,-0.10337,68
GAB,Gabon,1998,-1.1786,78
GAB,Gabon,1999,-1.22986,81
GAB,Gabon,2000,-1.00385,82
GAB,Gabon,2001,-1.28316,92
GAB,Gabon,2002,-1.58436,98
GAB,Gabon,2003,-1.46396,95
GAB,Gabon,2004,-1.6182,104
GAB,Gabon,2005,-1.76235,107
GAB,Gabon,2006,-1.70176,109
GAB,Gabon,2007,-2.03514,119
GAB,Gabon,2008,-1.7022,118
GAB,Gabon,2009,-1.91411,120
GAB,Gabon,2010,-1.54496,115
GAB,Gabon,2011,-1.50656,120
GAB,Gabon,2012,-1.06969,108
GAB,Gabon,2013,-1.15905,115
GAB,Gabon,2014,-0.99403,113
GAB,Gabon,2015,-0.98276,110
GAB,Gabon,2016,-0.57708,86
GAB,Gabon,2017,-0.57208,83
GAB,Gabon,2018,-0.56581,88
GAB,Gabon,2019,-0.64212,91
GAB,Gabon,2020,-0.69436,90
GAB,Gabon,2021,-0.79108,97
GHA,Ghana,1998,-1.23346,80
GHA,Ghana,1999,-1.24873,83
GHA,Ghana,2000,-1.3532,89
GHA,Ghana,2001,-1.15422,90
GHA,Ghana,2002,-1.43161,95
GHA,Ghana,2003,-1.31751,92
GHA,Ghana,2004,-1.22506,98
GHA,Ghana,2005,-1.15498,97
GHA,Ghana,2006,-1.34503,101
GHA,Ghana,2007,-1.18393,105
GHA,Ghana,2008,-1.10185,107
GHA,Ghana,2009,-1.2669,111
GHA,Ghana,2010,-1.23492,111
GHA,Ghana,2011,-1.05787,108
GHA,Ghana,2012,-1.02032,105
GHA,Ghana,2013,-0.94316,106
GHA,Ghana,2014,-0.98425,112
GHA,Ghana,2015,-0.94324,107
GHA,Ghana,2016,-0.94537,106
GHA,Ghana,2017,-1.09787,115
GHA,Ghana,2018,-1.28652,118
GHA,Ghana,2019,-1.32663,119
GHA,Ghana,2020,-1.27389,118
GHA,Ghana,2021,-1.32158,122
IND,India,1998,-0.12125,50
IND,India,1999,-0.11125,51
IND,India,2000,-0.03654,50
IND,India,2001,0.09485,45
IND,India,2002,0.05945,46
IND,India,2003,0.06834,43
IND,India,2004,0.14504,46
IND,India,2005,0.19095,47
IND,India,2006,0.19517,50
IND,India,2007,0.27507,51
IND,India,2008,0.29038,49
IND,India,2009,0.29659,50
IND,India,2010,0.26657,51
IND,India,2011,0.27707,52
IND,India,2012,0.33374,50
IND,India,2013,0.34751,49
IND,India,2014,0.35855,50
IND,India,2015,0.41256,45
IND,India,2016,0.39267,44
IND,India,2017,0.4606,42
IND,India,2018,0.47954,44
IND,India,2019,0.51542,41
IND,India,2020,0.59156,39
IND,India,2021,0.60321,42
ITA,Italy,1998,1.12517,14
ITA,Italy,1999,1.15106,14
ITA,Italy,2000,1.19383,15
ITA,Italy,2001,1.21468,13
ITA,Italy,2002,1.25387,15
ITA,Italy,2003,1.23477,14
ITA,Italy,2004,1.24683,17
ITA,Italy,2005,1.2413,17
ITA,Italy,2006,1.24679,17
ITA,Italy,2007,1.2542,17
ITA,Italy,2008,1.2425,19
ITA,Italy,2009,1.28348,17
ITA,Italy,2010,1.27757,18
ITA,Italy,2011,1.34452,18
ITA,Italy,2012,1.33258,18
ITA,Italy,2013,1.3191,18
ITA,Italy,2014,1.31101,18
ITA,Italy,2015,1.32688,18
ITA,Italy,2016,1.30622,18
ITA,Italy,2017,1.31029,18
ITA,Italy,2018,1.30227,18
ITA,Italy,2019,1.33147,18
ITA,Italy,2020,1.3208,19
ITA,Italy,2021,1.29194,18
JPN,Japan,1998,1.70452,4
JPN,Japan,1999,1.70134,3
JPN,Japan,2000,1.81473,1
JPN,Japan,2001,1.83825,1
JPN,Japan,2002,1.97613,1
JPN,Japan,2003,2.01152,1
JPN,Japan,2004,2.17615,1
JPN,Japan,2005,2.14903,1
JPN,Japan,2006,2.15071,1
JPN,Japan,2007,2.05875,1
JPN,Japan,2008,2.07322,1
JPN,Japan,2009,2.08492,1
JPN,Japan,2010,2.13915,1
JPN,Japan,2011,2.24327,1
JPN,Japan,2012,2.28263,1
JPN,Japan,2013,2.22372,1
JPN,Japan,2014,2.11723,1
JPN,Japan,2015,2.16533,1
JPN,Japan,2016,2.21045,1
JPN,Japan,2017,2.20863,1
JPN,Japan,2018,2.20582,1
JPN,Japan,2019,2.23267,1
JPN,Japan,2020,2.20924,1
JPN,Japan,2021,2.09286,1
KEN,Kenya,1998,-0.13119,51
KEN,Kenya,1999,-0.18087,55
KEN,Kenya,2000,-0.19566,56
KEN,Kenya,2001,-0.19152,57
KEN,Kenya,2002,-0.31393,57
KEN,Kenya,2003,-0.44312,65
KEN,Kenya,2004,-0.53956,75
KEN,Kenya,2005,-0.48538,72
KEN,Kenya,2006,-0.38761,71
KEN,Kenya,2007,-0.29122,74
KEN,Kenya,2008,-0.2929,76
KEN,Kenya,2009,-0.37344,81
KEN,Kenya,2010,-0.42128,81
KEN,Kenya,2011,-0.51448,85
KEN,Kenya,2012,-0.53965,86
KEN,Kenya,2013,-0.50875,88
KEN,Kenya,2014,-0.39102,86
KEN,Kenya,2015,-0.4559,86
KEN,Kenya,2016,-0.57884,87
KEN,Kenya,2017,-0.57997,85
KEN,Kenya,2018,-0.47131,82
KEN,Kenya,2019,-0.49985,81
KEN,Kenya,2020,-0.48924,82
KEN,Kenya,2021,-0.47961,84
LBY,Libya,1998,-1.09005,77
LBY,Libya,1999,-0.83997,75
LBY,Libya,2000,-1.28092,88
LBY,Libya,2001,-0.77961,81
LBY,Libya,2002,-0.95607,86
LBY,Libya,2003,-0.91117,84
LBY,Libya,2004,-0.82727,84
LBY,Libya,2005,-0.88529,87
LBY,Libya,2006,-0.78781,85
LBY,Libya,2007,-0.88912,99
LBY,Libya,2008,-0.96734,102
LBY,Libya,2009,-0.96978,103
LBY,Libya,2010,-0.57441,87
LBY,Libya,2011,-0.16764,66
LBY,Libya,2012,-0.34893,77
LBY,Libya,2013,-1.17534,116
LBY,Libya,2014,-1.54863,129
LBY,Libya,2015,-1.35817,124
LBY,Libya,2016,-0.98314,107
LBY,Libya,2017,-0.82893,98
LBY,Libya,2018,-1.28217,117
LBY,Libya,2019,-1.47206,124
LBY,Libya,2020,-1.44241,124
LBY,Libya,2021,-1.24073,119
QAT,Qatar,1998,-1.8081,88
QAT,Qatar,1999,-1.58453,86
QAT,Qatar,2000,-1.19455,87
QAT,Qatar,2001,-0.88294,87
QAT,Qatar,2002,-0.73252,80
QAT,Qatar,2003,-0.76473,79
QAT,Qatar,2004,-0.53624,74
QAT,Qatar,2005,-0.24044,60
QAT,Qatar,2006,-0.21501,62
QAT,Qatar,2007,-0.25709,71
QAT,Qatar,2008,-0.1677,67
QAT,Qatar,2009,-0.2579,73
QAT,Qatar,2010,-0.05001,60
QAT,Qatar,2011,0.05094,57
QAT,Qatar,2012,-0.13549,65
QAT,Qatar,2013,0.04148,62
QAT,Qatar,2014,-0.00289,64
QAT,Qatar,2015,0.02692,62
QAT,Qatar,2016,0.13061,57
QAT,Qatar,2017,-0.06472,63
QAT,Qatar,2018,-0.09526,67
QAT,Qatar,2019,-0.1602,68
QAT,Qatar,2020,-0.0572,62
QAT,Qatar,2021,-0.19889,72
ESP,Spain,1998,0.93675,19
ESP,Spain,1999,0.95829,20
ESP,Spain,2000,1.00977,19
ESP,Spain,2001,1.02057,19
ESP,Spain,2002,1.02143,21
ESP,Spain,2003,0.98337,21
ESP,Spain,2004,0.92412,24
ESP,Spain,2005,0.89728,24
ESP,Spain,2006,0.88332,24
ESP,Spain,2007,0.89484,24
ESP,Spain,2008,0.86997,26
ESP,Spain,2009,0.88839,27
ESP,Spain,2010,0.84606,29
ESP,Spain,2011,0.85771,29
ESP,Spain,2012,0.82852,30
ESP,Spain,2013,0.82817,30
ESP,Spain,2014,0.84035,30
ESP,Spain,2015,0.80871,34
ESP,Spain,2016,0.784,34
ESP,Spain,2017,0.77153,33
ESP,Spain,2018,0.77927,34
ESP,Spain,2019,0.77377,34
ESP,Spain,2020,0.77907,34
ESP,Spain,2021,0.78504,35
SDN,Sudan,2001,-0.8564,84
SDN,Sudan,2002,-0.87051,82
SDN,Sudan,2003,-0.83806,81
SDN,Sudan,2004,-0.88271,86
SDN,Sudan,2005,-1.2633,100
SDN,Sudan,2006,-1.55056,106
SDN,Sudan,2007,-1.7785,115
SDN,Sudan,2008,-1.86213,119
SDN,Sudan,2009,-2.0269,121
SDN,Sudan,2010,-1.96961,123
SDN,Sudan,2011,-2.20641,128
SDN,Sudan,2012,-1.62509,125
SDN,Sudan,2013,-1.42966,125
SDN,Sudan,2014,-1.45679,126
SDN,Sudan,2015,-1.38816,125
SDN,Sudan,2016,-1.4084,122
SDN,Sudan,2017,-1.46547,122
SDN,Sudan,2018,-1.3893,122
SDN,Sudan,2019,-1.46724,123
SDN,Sudan,2020,-1.32688,120
SDN,Sudan,2021,-1.37063,123
SYR,Syria,1998,-1.21889,79
SYR,Syria,1999,-1.11267,79
SYR,Syria,2000,-1.05842,84
SYR,Syria,2001,-0.87098,85
SYR,Syria,2002,-0.88605,84
SYR,Syria,2003,-0.85533,82
SYR,Syria,2004,-0.69613,80
SYR,Syria,2005,-0.71172,80
SYR,Syria,2006,-0.58441,80
SYR,Syria,2007,-0.46619,82
SYR,Syria,2008,-0.44471,82
SYR,Syria,2009,-0.42298,82
SYR,Syria,2010,-0.40254,80
SYR,Syria,2011,-0.38766,82
SYR,Syria,2012,-0.38191,81
SYR,Syria,2013,-0.35999,79
SYR,Syria,2014,-0.00556,65
YEM,Yemen,2000,-1.70698,92
YEM,Yemen,2001,-1.47122,96
YEM,Yemen,2002,-1.52078,96
YEM,Yemen,2003,-1.6547,98
YEM,Yemen,2004,-1.46736,101
YEM,Yemen,2005,-1.21905,98
YEM,Yemen,2006,-1.09629,99
YEM,Yemen,2007,-1.07253,102
YEM,Yemen,2008,-1.07902,106
YEM,Yemen,2009,-1.08021,106
YEM,Yemen,2010,-1.01918,104
YEM,Yemen,2011,-0.97718,105
YEM,Yemen,2012,-1.12111,110
YEM,Yemen,2013,-1.04807,110
YEM,Yemen,2014,-0.8741,106
YEM,Yemen,2015,-0.74682,100
YEM,Yemen,2016,-0.74893,96
YEM,Yemen,2017,-1.01456,111
YEM,Yemen,2018,-1.32457,121
YEM,Yemen,2019,-1.33551,120
YEM,Yemen,2020,-1.21525,117
YEM,Yemen,2021,-1.2304,118
AGO,Angola,1998,-1.2494,81
AGO,Angola,1999,-1.93746,90
AGO,Angola,2000,-1.94784,95
AGO,Angola,2001,-1.93681,100
AGO,Angola,2002,-2.33352,103
AGO,Angola,2003,-2.09108,102
AGO,Angola,2004,-1.91519,107
AGO,Angola,2005,-1.62112,104
AGO,Angola,2006,-1.6932,108
AGO,Angola,2007,-1.78071,116
AGO,Angola,2008,-1.86874,120
AGO,Angola,2009,-1.81914,119
AGO,Angola,2010,-1.72598,120
AGO,Angola,2011,-1.79871,126
AGO,Angola,2012,-1.79109,128
AGO,Angola,2013,-1.60112,131
AGO,Angola,2014,-1.62807,131
AGO,Angola,2015,-1.55916,130
AGO,Angola,2016,-1.39772,121
AGO,Angola,2017,-1.54166,124
AGO,Angola,2018,-1.57135,125
AGO,Angola,2019,-1.62286,126
AGO,Angola,2020,-1.41243,123
AGO,Angola,2021,-1.29538,120
BRA,Brazil,1998,0.68257,24
BRA,Brazil,1999,0.59418,28
BRA,Brazil,2000,0.59924,28
BRA,Brazil,2001,0.58594,31
BRA,Brazil,2002,0.61949,30
BRA,Brazil,2003,0.58295,32
BRA,Brazil,2004,0.64287,31
BRA,Brazil,2005,0.66493,31
BRA,Brazil,2006,0.69063,30
BRA,Brazil,2007,0.75983,31
BRA,Brazil,2008,0.75734,31
BRA,Brazil,2009,0.69588,32
BRA,Brazil,2010,0.68908,32
BRA,Brazil,2011,0.70408,34
BRA,Brazil,2012,0.72406,33
BRA,Brazil,2013,0.75074,34
BRA,Brazil,2014,0.699,37
BRA,Brazil,2015,0.6883,37
BRA,Brazil,2016,0.57864,37
BRA,Brazil,2017,0.54564,38
BRA,Brazil,2018,0.53655,39
BRA,Brazil,2019,0.44623,46
BRA,Brazil,2020,0.46899,46
BRA,Brazil,2021,0.3297,49
CAN,Canada,1998,1.1612,12
CAN,Canada,1999,1.05626,16
CAN,Canada,2000,1.04991,18
CAN,Canada,2001,1.0698,18
CAN,Canada,2002,1.10545,19
CAN,Canada,2003,1.06186,20
CAN,Canada,2004,1.03314,21
CAN,Canada,2005,0.99906,22
CAN,Canada,2006,0.93238,23
CAN,Canada,2007,0.88606,25
CAN,Canada,2008,0.89916,25
CAN,Canada,2009,0.95306,25
CAN,Canada,2010,0.9668,25
CAN,Canada,2011,0.95736,25
CAN,Canada,2012,0.96064,26
CAN,Canada,2013,0.94793,26
CAN,Canada,2014,0.98651,26
CAN,Canada,2015,0.97906,26
CAN,Canada,2016,0.94743,26
CAN,Canada,2017,0.95007,26
CAN,Canada,2018,0.93824,29
CAN,Canada,2019,0.95015,29
CAN,Canada,2020,0.91887,29
CAN,Canada,2021,0.91077,31
FRA,France,1998,1.41497,8
FRA,France,1999,1.38614,10
FRA,France,2000,1.39122,10
FRA,France,2001,1.40184,10
FRA,France,2002,1.48325,10
FRA,France,2003,1.52553,10
FRA,France,2004,1.53002,10
FRA,France,2005,1.48818,10
FRA,France,2006,1.41963,11
FRA,France,2007,1.36213,14
FRA,France,2008,1.36904,13
FRA,France,2009,1.38992,13
FRA,France,2010,1.43123,13
FRA,France,2011,1.46265,13
FRA,France,2012,1.47097,13
FRA,France,2013,1.44559,13
FRA,France,2014,1.38065,15
FRA,France,2015,1.40677,16
FRA,France,2016,1.39632,16
FRA,France,2017,1.39152,16
FRA,France,2018,1.38539,15
FRA,France,2019,1.36605,15
FRA,France,2020,1.3631,15
FRA,France,2021,1.34725,15
GRC,Greece,1998,0.13995,41
GRC,Greece,1999,0.1991,39
GRC,Greece,2000,0.21947,39
GRC,Greece,2001,0.2614,40
GRC,Greece,2002,0.23973,39
GRC,Greece,2003,0.23876,38
GRC,Greece,2004,0.23932,38
GRC,Greece,2005,0.20377,45
GRC,Greece,2006,0.19237,51
GRC,Greece,2007,0.28042,50
GRC,Greece,2008,0.24288,51
GRC,Greece,2009,0.22891,51
GRC,Greece,2010,0.22749,53
GRC,Greece,2011,0.22992,53
GRC,Greece,2012,0.2087,53
GRC,Greece,2013,0.24231,52
GRC,Greece,2014,0.31423,52
GRC,Greece,2015,0.28047,53
GRC,Greece,2016,0.2579,50
GRC,Greece,2017,0.31115,48
GRC,Greece,2018,0.26626,49
GRC,Greece,2019,0.2704,48
GRC,Greece,2020,0.27548,48
GRC,Greece,2021,0.34392,48
GIN,Guinea,2007,-1.6876,112
GIN,Guinea,2008,-1.9867,121
GIN,Guinea,2009,-2.05152,122
GIN,Guinea,2010,-1.7983,122
GIN,Guinea,2011,-1.78817,124
GIN,Guinea,2012,-1.91625,129
GIN,Guinea,2013,-1.57846,130
GIN,Guinea,2014,-1.63047,132
GIN,Guinea,2015,-1.42213,126
GIN,Guinea,2016,-1.64785,126
GIN,Guinea,2017,-1.59925,125
GIN,Guinea,2018,-1.70317,126
GIN,Guinea,2019,-1.64464,127
GIN,Guinea,2020,-1.6069,127
GIN,Guinea,2021,-1.87078,130
ISR,Israel,1998,1.04529,16
ISR,Israel,1999,1.06638,15
ISR,Israel,2000,1.20164,14
ISR,Israel,2001,1.13353,16
ISR,Israel,2002,1.29478,14
ISR,Israel,2003,1.21879,16
ISR,Israel,2004,1.24793,16
ISR,Israel,2005,1.17423,19
ISR,Israel,2006,1.12439,20
ISR,Israel,2007,1.2146,19
ISR,Israel,2008,1.22875,20
ISR,Israel,2009,1.17135,20
ISR,Israel,2010,1.21957,20
ISR,Israel,2011,1.24379,20
ISR,Israel,2012,1.26208,19
ISR,Israel,2013,1.24211,20
ISR,Israel,2014,1.23636,20
ISR,Israel,2015,1.26218,20
ISR,Israel,2016,1.24447,20
ISR,Israel,2017,1.24201,20
ISR,Israel,2018,1.18621,20
ISR,Israel,2019,1.17564,20
ISR,Israel,2020,1.17759,20
ISR,Israel,2021,1.2064,20
JOR,Jordan,1998,0.29914,38
JOR,Jordan,1999,0.44966,34
JOR,Jordan,2000,0.28978,38
JOR,Jordan,2001,0.26783,39
JOR,Jordan,2002,0.16914,42
JOR,Jordan,2003,0.0178,47
JOR,Jordan,2004,-0.07473,54
JOR,Jordan,2005,-0.23056,59
JOR,Jordan,2006,-0.15476,61
JOR,Jordan,2007,-0.11239,62
JOR,Jordan,2008,-0.06319,62
JOR,Jordan,2009,-0.05909,62
JOR,Jordan,2010,-0.0054,58
JOR,Jordan,2011,0.0043,60
JOR,Jordan,2012,-0.0017,58
JOR,Jordan,2013,0.05829,61
JOR,Jordan,2014,0.10664,58
JOR,Jordan,2015,0.06783,59
JOR,Jordan,2016,-0.05995,63
JOR,Jordan,2017,-0.06786,64
JOR,Jordan,2018,-0.04275,62
JOR,Jordan,2019,-0.04841,61
JOR,Jordan,2020,-0.06125,63
JOR,Jordan,2021,0.01155,64
KWT,Kuwait,1998,-0.55656,64
KWT,Kuwait,1999,-0.54849,65
KWT,Kuwait,2000,-0.63052,72
KWT,Kuwait,2001,-0.29662,63
KWT,Kuwait,2002,-0.43727,65
KWT,Kuwait,2003,-0.45151,66
KWT,Kuwait,2004,-0.4342,69
KWT,Kuwait,2005,-0.56668,76
KWT,Kuwait,2006,-0.3655,70
KWT,Kuwait,2007,-0.41339,80
KWT,Kuwait,2008,-0.1413,65
KWT,Kuwait,2009,-0.03545,61
KWT,Kuwait,2010,0.36817,44
KWT,Kuwait,2011,0.13269,54
KWT,Kuwait,2012,0.11097,55
KWT,Kuwait,2013,0.19268,53
KWT,Kuwait,2014,0.28065,53
KWT,Kuwait,2015,0.30584,50
KWT,Kuwait,2016,0.18824,54
KWT,Kuwait,2017,0.18045,55
KWT,Kuwait,2018,0.1636,53
KWT,Kuwait,2019,-0.04417,60
KWT,Kuwait,2020,-0.03161,61
KWT,Kuwait,2021,0.19624,54
MEX,Mexico,1998,0.41558,33
MEX,Mexico,1999,0.456,33
MEX,Mexico,2000,0.57832,32
MEX,Mexico,2001,0.66867,28
MEX,Mexico,2002,0.75839,26
MEX,Mexico,2003,0.82303,25
MEX,Mexico,2004,0.87517,25
MEX,Mexico,2005,0.87935,25
MEX,Mexico,2006,0.83745,27
MEX,Mexico,2007,0.87823,27
MEX,Mexico,2008,0.96496,23
MEX,Mexico,2009,0.97556,24
MEX,Mexico,2010,1.00121,23
MEX,Mexico,2011,1.08886,22
MEX,Mexico,2012,1.10948,22
MEX,Mexico,2013,1.13273,22
MEX,Mexico,2014,1.13366,22
MEX,Mexico,2015,1.17369,22
MEX,Mexico,2016,1.19313,22
MEX,Mexico,2017,1.19615,22
MEX,Mexico,2018,1.16658,21
MEX,Mexico,2019,1.14714,21
MEX,Mexico,2020,1.13454,21
MEX,Mexico,2021,1.10641,22
NOR,Norway,1998,1.05778,15
NOR,Norway,1999,0.99508,19
NOR,Norway,2000,0.97719,20
NOR,Norway,2001,1.0115,20
NOR,Norway,2002,0.84403,25
NOR,Norway,2003,0.78225,26
NOR,Norway,2004,0.79486,26
NOR,Norway,2005,0.82526,26
NOR,Norway,2006,0.86154,25
NOR,Norway,2007,0.88577,26
NOR,Norway,2008,0.82517,29
NOR,Norway,2009,0.90878,26
NOR,Norway,2010,0.94237,26
NOR,Norway,2011,0.89328,27
NOR,Norway,2012,0.87483,28
NOR,Norway,2013,0.84607,29
NOR,Norway,2014,0.84818,29
NOR,Norway,2015,0.87,29
NOR,Norway,2016,0.88205,29
NOR,Norway,2017,0.78001,31
NOR,Norway,2018,0.68758,36
NOR,Norway,2019,0.66692,36
NOR,Norway,2020,0.69768,36
NOR,Norway,2021,0.65333,39
PAN,Panama,1998,-0.41628,60
PAN,Panama,1999,-0.34423,60
PAN,Panama,2000,-0.2408,59
PAN,Panama,2001,-0.24673,60
PAN,Panama,2002,-0.33305,58
PAN,Panama,2003,-0.36033,59
PAN,Panama,2004,-0.22584,57
PAN,Panama,2005,-0.26542,62
PAN,Panama,2006,-0.11264,57
PAN,Panama,2007,0.07719,57
PAN,Panama,2008,0.2182,53
PAN,Panama,2009,0.16031,54
PAN,Panama,2010,0.16313,55
PAN,Panama,2011,0.28388,51
PAN,Panama,2012,0.37248,45
PAN,Panama,2013,0.37533,48
PAN,Panama,2014,0.31523,51
PAN,Panama,2015,0.24429,54
PAN,Panama,2016,0.18027,55
PAN,Panama,2017,0.21306,51
PAN,Panama,2018,0.17096,52
PAN,Panama,2019,0.1444,55
PAN,Panama,2020,0.20072,50
PAN,Panama,2021,0.30032,50
POL,Poland,1998,0.52941,30
POL,Poland,1999,0.53278,32
POL,Poland,2000,0.59599,30
POL,Poland,2001,0.6147,29
POL,Poland,2002,0.66416,29
POL,Poland,2003,0.67537,27
POL,Poland,2004,0.76411,27
POL,Poland,2005,0.80048,27
POL,Poland,2006,0.86002,26
POL,Poland,2007,0.93775,23
POL,Poland,2008,0.95929,24
POL,Poland,2009,0.98035,23
POL,Poland,2010,0.99375,24
POL,Poland,2011,1.03537,24
POL,Poland,2012,1.02203,24
POL,Poland,2013,1.02331,25
POL,Poland,2014,1.01744,25
POL,Poland,2015,1.03036,24
POL,Poland,2016,1.02918,23
POL,Poland,2017,1.04775,23
POL,Poland,2018,1.05815,23
POL,Poland,2019,1.0458,23
POL,Poland,2020,1.049,24
POL,Poland,2021,1.02036,27
SRB,Serbia,2006,0.54608,34
SRB,Serbia,2007,0.58016,34
SRB,Serbia,2008,0.58128,37
SRB,Serbia,2009,0.57254,38
SRB,Serbia,2010,0.57354,38
SRB,Serbia,2011,0.57498,38
SRB,Serbia,2012,0.55583,40
SRB,Serbia,2013,0.61135,40
SRB,Serbia,2014,0.63626,39
SRB,Serbia,2015,0.59641,39
SRB,Serbia,2016,0.56358,38
SRB,Serbia,2017,0.59285,37
SRB,Serbia,2018,0.65793,37
SRB,Serbia,2019,0.66574,37
SRB,Serbia,2020,0.69638,37
SRB,Serbia,2021,0.74474,36
SWE,Sweden,1998,1.74179,1
SWE,Sweden,1999,1.69983,4
SWE,Sweden,2000,1.72653,4
SWE,Sweden,2001,1.72596,4
SWE,Sweden,2002,1.84118,4
SWE,Sweden,2003,1.79739,4
SWE,Sweden,2004,1.81142,4
SWE,Sweden,2005,1.75742,5
SWE,Sweden,2006,1.73297,4
SWE,Sweden,2007,1.67186,4
SWE,Sweden,2008,1.66916,4
SWE,Sweden,2009,1.6901,4
SWE,Sweden,2010,1.67027,4
SWE,Sweden,2011,1.71632,5
SWE,Sweden,2012,1.72396,5
SWE,Sweden,2013,1.71594,5
SWE,Sweden,2014,1.68441,5
SWE,Sweden,2015,1.69485,6
SWE,Sweden,2016,1.65096,7
SWE,Sweden,2017,1.62824,7
SWE,Sweden,2018,1.59608,8
SWE,Sweden,2019,1.59599,8
SWE,Sweden,2020,1.60206,7
SWE,Sweden,2021,1.54698,8
TWN,Taiwan,1998,0.55141,29
TWN,Taiwan,1999,0.67209,24
TWN,Taiwan,2000,0.84183,22
TWN,Taiwan,2001,0.97569,21
TWN,Taiwan,2002,1.11757,18
TWN,Taiwan,2003,1.20325,17
TWN,Taiwan,2004,1.40632,12
TWN,Taiwan,2005,1.43038,12
TWN,Taiwan,2006,1.53335,9
TWN,Taiwan,2007,1.56741,6
TWN,Taiwan,2008,1.58923,5
TWN,Taiwan,2009,1.5695,6
TWN,Taiwan,2010,1.62419,5
TWN,Taiwan,2011,1.72564,4
TWN,Taiwan,2012,1.82807,4
TWN,Taiwan,2013,1.84642,4
TWN,Taiwan,2014,1.76882,4
TWN,Taiwan,2015,1.81159,4
TWN,Taiwan,2016,1.85452,4
TWN,Taiwan,2017,1.9412,3
TWN,Taiwan,2018,1.94864,3
TWN,Taiwan,2019,1.99924,3
TWN,Taiwan,2020,1.98854,3
TWN,Taiwan,2021,1.96241,2
UGA,Uganda,2008,-0.51427,85
UGA,Uganda,2009,-0.54252,85
UGA,Uganda,2010,-0.54144,86
UGA,Uganda,2011,-0.59457,89
UGA,Uganda,2012,-0.587,89
UGA,Uganda,2013,-0.48499,86
UGA,Uganda,2014,-0.31059,82
UGA,Uganda,2015,-0.32997,80
UGA,Uganda,2016,-0.42438,80
UGA,Uganda,2017,-0.60146,88
UGA,Uganda,2018,-0.70106,95
UGA,Uganda,2019,-0.82661,97
UGA,Uganda,2020,-0.98926,103
UGA,Uganda,2021,-0.91879,104
ZMB,Zambia,2004,-0.98605,92
ZMB,Zambia,2005,-1.08842,96
ZMB,Zambia,2006,-0.83435,89
ZMB,Zambia,2007,-0.77548,94
ZMB,Zambia,2008,-0.6657,94
ZMB,Zambia,2009,-0.66264,89
ZMB,Zambia,2010,-0.58284,88
ZMB,Zambia,2011,-0.71309,94
ZMB,Zambia,2012,-0.55031,87
ZMB,Zambia,2013,-0.34083,77
ZMB,Zambia,2014,-0.27643,81
ZMB,Zambia,2015,-0.39289,82
ZMB,Zambia,2016,-0.66122,91
ZMB,Zambia,2017,-0.76155,95
ZMB,Zambia,2018,-0.80067,101
ZMB,Zambia,2019,-0.78413,95
ZMB,Zambia,2020,-0.69827,93
ZMB,Zambia,2021,-0.76808,96
ALB,Albania,2008,-0.02508,60
ALB,Albania,2009,0.34991,48
ALB,Albania,2010,0.24539,52
ALB,Albania,2011,-0.01053,61
ALB,Albania,2012,-0.60287,91
ALB,Albania,2013,-0.56959,89
ALB,Albania,2014,-0.48877,87
ALB,Albania,2015,-0.58332,93
ALB,Albania,2016,-0.68695,92
ALB,Albania,2017,-0.59506,87
ALB,Albania,2018,-0.45749,81
ALB,Albania,2019,-0.3837,79
ALB,Albania,2020,-0.32409,75
ALB,Albania,2021,-0.18043,71
DZA,Algeria,1998,-1.0318,76
DZA,Algeria,1999,-0.87803,77
DZA,Algeria,2000,-0.99138,81
DZA,Algeria,2001,-0.7626,80
DZA,Algeria,2002,-1.0155,87
DZA,Algeria,2003,-0.92131,85
DZA,Algeria,2004,-1.11893,95
DZA,Algeria,2005,-1.03384,94
DZA,Algeria,2006,-1.01874,98
DZA,Algeria,2007,-0.92996,100
DZA,Algeria,2008,-1.00027,103
DZA,Algeria,2009,-0.98711,104
DZA,Algeria,2010,-0.84528,100
DZA,Algeria,2011,-0.7433,96
DZA,Algeria,2012,-1.20425,114
DZA,Algeria,2013,-1.17729,117
DZA,Algeria,2014,-1.24465,122
DZA,Algeria,2015,-1.05338,113
DZA,Algeria,2016,-0.99449,108
DZA,Algeria,2017,-1.03448,112
DZA,Algeria,2018,-1.04134,111
DZA,Algeria,2019,-1.06335,108
DZA,Algeria,2020,-1.30136,119
DZA,Algeria,2021,-0.91368,103
AUT,Austria,1998,1.40227,9
AUT,Austria,1999,1.46653,8
AUT,Austria,2000,1.48686,8
AUT,Austria,2001,1.47099,9
AUT,Austria,2002,1.59138,9
AUT,Austria,2003,1.57197,9
AUT,Austria,2004,1.59568,9
AUT,Austria,2005,1.57049,9
AUT,Austria,2006,1.56844,8
AUT,Austria,2007,1.5365,8
AUT,Austria,2008,1.51969,9
AUT,Austria,2009,1.52386,9
AUT,Austria,2010,1.53403,10
AUT,Austria,2011,1.56563,12
AUT,Austria,2012,1.56497,12
AUT,Austria,2013,1.55307,12
AUT,Austria,2014,1.53189,11
AUT,Austria,2015,1.55235,10
AUT,Austria,2016,1.56007,10
AUT,Austria,2017,1.56119,10
AUT,Austria,2018,1.52312,10
AUT,Austria,2019,1.56728,9
AUT,Austria,2020,1.54304,9
AUT,Austria,2021,1.50562,9
BLR,Belarus,1998,0.69806,23
BLR,Belarus,1999,0.60157,27
BLR,Belarus,2000,0.6068,27
BLR,Belarus,2001,0.57785,32
BLR,Belarus,2002,0.59356,31
BLR,Belarus,2003,0.63654,29
BLR,Belarus,2004,0.74569,28
BLR,Belarus,2005,0.73411,29
BLR,Belarus,2006,0.78262,28
BLR,Belarus,2007,0.82462,29
BLR,Belarus,2008,0.82027,30
BLR,Belarus,2009,0.87499,28
BLR,Belarus,2010,0.87225,27
BLR,Belarus,2011,0.8585,28
BLR,Belarus,2012,0.89671,27
BLR,Belarus,2013,0.92289,27
BLR,Belarus,2014,0.91506,27
BLR,Belarus,2015,0.91306,27
BLR,Belarus,2016,0.79746,32
BLR,Belarus,2017,0.75456,35
BLR,Belarus,2018,0.7845,33
BLR,Belarus,2019,0.7753,33
BLR,Belarus,2020,0.79929,33
BLR,Belarus,2021,0.84255,33
BEL,Belgium,1999,1.17614,13
BEL,Belgium,2000,1.23876,12
BEL,Belgium,2001,1.25334,12
BEL,Belgium,2002,1.33441,12
BEL,Belgium,2003,1.3608,11
BEL,Belgium,2004,1.35308,14
BEL,Belgium,2005,1.3626,14
BEL,Belgium,2006,1.29582,16
BEL,Belgium,2007,1.26226,16
BEL,Belgium,2008,1.27219,16
BEL,Belgium,2009,1.24399,18
BEL,Belgium,2010,1.31129,17
BEL,Belgium,2011,1.42805,15
BEL,Belgium,2012,1.44322,14
BEL,Belgium,2013,1.42464,15
BEL,Belgium,2014,1.36388,16
BEL,Belgium,2015,1.41111,14
BEL,Belgium,2016,1.41073,15
BEL,Belgium,2017,1.40195,15
BEL,Belgium,2018,1.35488,16
BEL,Belgium,2019,1.34551,17
BEL,Belgium,2020,1.35596,16
BEL,Belgium,2021,1.29661,17
BOL,Bolivia,2000,-0.28605,61
BOL,Bolivia,2001,-0.28565,62
BOL,Bolivia,2002,-0.59162,75
BOL,Bolivia,2003,-0.6731,77
BOL,Bolivia,2004,-0.76824,83
BOL,Bolivia,2005,-0.90514,88
BOL,Bolivia,2006,-0.77466,83
BOL,Bolivia,2007,-0.79894,95
BOL,Bolivia,2008,-0.70345,96
BOL,Bolivia,2009,-0.86185,98
BOL,Bolivia,2010,-1.02575,105
BOL,Bolivia,2011,-1.08345,110
BOL,Bolivia,2012,-0.59708,90
BOL,Bolivia,2013,-0.61682,92
BOL,Bolivia,2014,-0.64482,100
BOL,Bolivia,2015,-0.86519,104
BOL,Bolivia,2016,-0.93802,105
BOL,Bolivia,2017,-0.89127,101
BOL,Bolivia,2018,-0.9578,108
BOL,Bolivia,2019,-1.01037,106
BOL,Bolivia,2020,-1.01849,104
BOL,Bolivia,2021,-1.01512,107
HRV,Croatia,1998,0.35739,34
HRV,Croatia,1999,0.38541,35
HRV,Croatia,2000,0.3678,35
HRV,Croatia,2001,0.35415,37
HRV,Croatia,2002,0.34431,37
HRV,Croatia,2003,0.35734,35
HRV,Croatia,2004,0.39161,34
HRV,Croatia,2005,0.44429,35
HRV,Croatia,2006,0.49224,35
HRV,Croatia,2007,0.57635,35
HRV,Croatia,2008,0.62846,36
HRV,Croatia,2009,0.63321,37
HRV,Croatia,2010,0.65079,36
HRV,Croatia,2011,0.6476,36
HRV,Croatia,2012,0.73425,32
HRV,Croatia,2013,0.7709,32
HRV,Croatia,2014,0.76415,35
HRV,Croatia,2015,0.70699,36
HRV,Croatia,2016,0.70795,36
HRV,Croatia,2017,0.69431,36
HRV,Croatia,2018,0.70378,35
HRV,Croatia,2019,0.7626,35
HRV,Croatia,2020,0.76305,35
HRV,Croatia,2021,0.79925,34
CZE,Czechia,1998,0.99384,17
CZE,Czechia,1999,1.0181,17
CZE,Czechia,2000,1.07512,16
CZE,Czechia,2001,1.15042,14
CZE,Czechia,2002,1.29796,13
CZE,Czechia,2003,1.32628,12
CZE,Czechia,2004,1.35598,13
CZE,Czechia,2005,1.39707,13
CZE,Czechia,2006,1.37995,13
CZE,Czechia,2007,1.40893,12
CZE,Czechia,2008,1.43396,12
CZE,Czechia,2009,1.49507,11
CZE,Czechia,2010,1.54052,9
CZE,Czechia,2011,1.63405,6
CZE,Czechia,2012,1.61624,9
CZE,Czechia,2013,1.61788,8
CZE,Czechia,2014,1.59103,7
CZE,Czechia,2015,1.61676,7
CZE,Czechia,2016,1.61703,9
CZE,Czechia,2017,1.62036,8
CZE,Czechia,2018,1.61445,7
CZE,Czechia,2019,1.64201,7
CZE,Czechia,2020,1.59876,8
CZE,Czechia,2021,1.60056,7
DNK,Denmark,1998,1.12812,13
DNK,Denmark,1999,1.20691,12
DNK,Denmark,2000,1.21114,13
DNK,Denmark,2001,1.13814,15
DNK,Denmark,2002,1.18888,16
DNK,Denmark,2003,1.17935,18
DNK,Denmark,2004,1.17141,19
DNK,Denmark,2005,1.11648,20
DNK,Denmark,2006,1.04298,21
DNK,Denmark,2007,1.0294,22
DNK,Denmark,2008,1.0414,22
DNK,Denmark,2009,1.04126,22
DNK,Denmark,2010,1.04763,22
DNK,Denmark,2011,1.05752,23
DNK,Denmark,2012,1.08509,23
DNK,Denmark,2013,1.05086,24
DNK,Denmark,2014,1.03397,23
DNK,Denmark,2015,1.06011,23
DNK,Denmark,2016,1.01554,25
DNK,Denmark,2017,1.00103,25
DNK,Denmark,2018,0.96885,26
DNK,Denmark,2019,0.98686,27
DNK,Denmark,2020,0.98326,28
DNK,Denmark,2021,1.00656,28
ECU,Ecuador,1998,-0.66847,66
ECU,Ecuador,1999,-0.70484,68
ECU,Ecuador,2000,-0.74953,77
ECU,Ecuador,2001,-0.69636,78
ECU,Ecuador,2002,-0.88392,83
ECU,Ecuador,2003,-0.94688,86
ECU,Ecuador,2004,-1.00444,93
ECU,Ecuador,2005,-0.9886,92
ECU,Ecuador,2006,-0.88448,92
ECU,Ecuador,2007,-0.66968,88
ECU,Ecuador,2008,-0.80835,99
ECU,Ecuador,2009,-0.90359,99
ECU,Ecuador,2010,-0.77302,94
ECU,Ecuador,2011,-0.67081,90
ECU,Ecuador,2012,-0.56966,88
ECU,Ecuador,2013,-0.61969,93
ECU,Ecuador,2014,-0.61244,98
ECU,Ecuador,2015,-0.76994,101
ECU,Ecuador,2016,-1.01324,109
ECU,Ecuador,2017,-0.95664,107
ECU,Ecuador,2018,-0.82764,104
ECU,Ecuador,2019,-0.93983,104
ECU,Ecuador,2020,-0.97337,102
ECU,Ecuador,2021,-0.93777,105
FIN,Finland,1998,1.58572,7
FIN,Finland,1999,1.57948,7
FIN,Finland,2000,1.60894,7
FIN,Finland,2001,1.59679,7
FIN,Finland,2002,1.71183,7
FIN,Finland,2003,1.70108,7
FIN,Finland,2004,1.74741,6
FIN,Finland,2005,1.76178,4
FIN,Finland,2006,1.70889,5
FIN,Finland,2007,1.6132,5
FIN,Finland,2008,1.57523,6
FIN,Finland,2009,1.63001,5
FIN,Finland,2010,1.62026,6
FIN,Finland,2011,1.62319,7
FIN,Finland,2012,1.58282,11
FIN,Finland,2013,1.57278,11
FIN,Finland,2014,1.5415,10
FIN,Finland,2015,1.54326,11
FIN,Finland,2016,1.51448,11
FIN,Finland,2017,1.49797,12
FIN,Finland,2018,1.48502,11
FIN,Finland,2019,1.49029,11
FIN,Finland,2020,1.50161,11
FIN,Finland,2021,1.42181,13
GEO,Georgia,2006,0.31009,43
GEO,Georgia,2007,0.24618,52
GEO,Georgia,2008,0.1149,57
GEO,Georgia,2009,0.0569,57
GEO,Georgia,2010,0.03658,57
GEO,Georgia,2011,0.05374,55
GEO,Georgia,2012,0.14062,54
GEO,Georgia,2013,0.08984,59
GEO,Georgia,2014,0.01272,63
GEO,Georgia,2015,0.04403,61
GEO,Georgia,2016,0.01882,60
GEO,Georgia,2017,-0.03534,62
GEO,Georgia,2018,-0.00595,60
GEO,Georgia,2019,0.04878,57
GEO,Georgia,2020,-0.02223,59
GEO,Georgia,2021,0.01539,63
DEU,Germany,1998,1.72571,2
DEU,Germany,1999,1.72886,2
DEU,Germany,2000,1.76811,2
DEU,Germany,2001,1.76724,2
DEU,Germany,2002,1.92295,2
DEU,Germany,2003,1.95576,2
DEU,Germany,2004,2.00214,2
DEU,Germany,2005,1.97974,2
DEU,Germany,2006,1.89916,2
DEU,Germany,2007,1.8115,2
DEU,Germany,2008,1.82429,2
DEU,Germany,2009,1.85881,2
DEU,Germany,2010,1.87023,2
DEU,Germany,2011,1.90951,3
DEU,Germany,2012,1.9289,3
DEU,Germany,2013,1.89942,3
DEU,Germany,2014,1.83751,3
DEU,Germany,2015,1.89827,3
DEU,Germany,2016,1.92797,3
DEU,Germany,2017,1.92343,4
DEU,Germany,2018,1.89428,4
DEU,Germany,2019,1.91388,4
DEU,Germany,2020,1.89483,5
DEU,Germany,2021,1.82629,5
HUN,Hungary,1998,0.57209,28
HUN,Hungary,1999,0.65056,25
HUN,Hungary,2000,0.71021,24
HUN,Hungary,2001,0.78861,24
HUN,Hungary,2002,0.87247,22
HUN,Hungary,2003,0.94796,22
HUN,Hungary,2004,1.03044,22
HUN,Hungary,2005,1.03219,21
HUN,Hungary,2006,1.14605,19
HUN,Hungary,2007,1.18908,20
HUN,Hungary,2008,1.25812,17
HUN,Hungary,2009,1.30236,16
HUN,Hungary,2010,1.31886,16
HUN,Hungary,2011,1.39537,16
HUN,Hungary,2012,1.40154,17
HUN,Hungary,2013,1.38439,17
HUN,Hungary,2014,1.40126,13
HUN,Hungary,2015,1.41054,15
HUN,Hungary,2016,1.44249,14
HUN,Hungary,2017,1.41994,14
HUN,Hungary,2018,1.4238,14
HUN,Hungary,2019,1.42466,14
HUN,Hungary,2020,1.42,14
HUN,Hungary,2021,1.36899,14
IRL,Ireland,1998,1.36935,10
IRL,Ireland,1999,1.4321,9
IRL,Ireland,2000,1.46898,9
IRL,Ireland,2001,1.49731,8
IRL,Ireland,2002,1.63949,8
IRL,Ireland,2003,1.67299,8
IRL,Ireland,2004,1.6439,8
IRL,Ireland,2005,1.65338,8
IRL,Ireland,2006,1.46586,10
IRL,Ireland,2007,1.39793,13
IRL,Ireland,2008,1.3521,14
IRL,Ireland,2009,1.33506,15
IRL,Ireland,2010,1.37858,14
IRL,Ireland,2011,1.36524,17
IRL,Ireland,2012,1.41136,16
IRL,Ireland,2013,1.40363,16
IRL,Ireland,2014,1.33082,17
IRL,Ireland,2015,1.36375,17
IRL,Ireland,2016,1.36462,17
IRL,Ireland,2017,1.35566,17
IRL,Ireland,2018,1.25874,19
IRL,Ireland,2019,1.27429,19
IRL,Ireland,2020,1.32754,18
IRL,Ireland,2021,1.28009,19
JAM,Jamaica,1998,-0.90599,72
JAM,Jamaica,1999,-0.80463,72
JAM,Jamaica,2000,-0.68622,74
JAM,Jamaica,2001,-0.60984,77
JAM,Jamaica,2002,-0.65385,78
JAM,Jamaica,2004,-0.63542,77
JAM,Jamaica,2005,-0.50206,73
JAM,Jamaica,2006,-0.47101,75
JAM,Jamaica,2007,-0.32627,75
JAM,Jamaica,2008,-0.33523,80
JAM,Jamaica,2009,-0.24804,72
JAM,Jamaica,2010,-0.29162,74
JAM,Jamaica,2011,-0.21306,74
JAM,Jamaica,2012,-0.21382,69
JAM,Jamaica,2013,-0.36311,80
JAM,Jamaica,2014,-0.26404,80
JAM,Jamaica,2015,-0.30048,79
JAM,Jamaica,2018,-0.27447,76
JAM,Jamaica,2019,-0.34435,77
JAM,Jamaica,2020,-0.40389,78
JAM,Jamaica,2021,-0.29589,77
LBN,Lebanon,2004,0.20393,42
LBN,Lebanon,2005,0.24518,42
LBN,Lebanon,2006,0.29003,45
LBN,Lebanon,2007,0.34387,47
LBN,Lebanon,2008,0.38602,44
LBN,Lebanon,2009,0.36994,45
LBN,Lebanon,2010,0.36454,45
LBN,Lebanon,2011,0.32422,49
LBN,Lebanon,2012,0.29105,52
LBN,Lebanon,2013,0.28561,51
LBN,Lebanon,2014,0.36608,49
LBN,Lebanon,2015,0.36464,49
LBN,Lebanon,2016,0.31717,48
LBN,Lebanon,2017,0.29896,49
LBN,Lebanon,2018,0.27812,48
LBN,Lebanon,2019,0.24466,49
LBN,Lebanon,2020,0.27134,49
LBN,Lebanon,2021,0.35364,47
MDA,Moldova,2007,-0.04126,60
MDA,Moldova,2008,-0.02699,61
MDA,Moldova,2009,-0.01618,59
MDA,Moldova,2010,-0.12257,65
MDA,Moldova,2011,-0.16652,65
MDA,Moldova,2012,-0.11329,64
MDA,Moldova,2013,-0.03012,66
MDA,Moldova,2014,-0.02162,66
MDA,Moldova,2015,-0.09774,68
MDA,Moldova,2016,-0.24286,72
MDA,Moldova,2017,-0.26505,76
MDA,Moldova,2018,-0.18306,73
MDA,Moldova,2019,-0.18729,69
MDA,Moldova,2020,-0.12566,66
MDA,Moldova,2021,-0.0189,65
MAR,Morocco,1998,-1.0313,75
MAR,Morocco,1999,-0.9608,78
MAR,Morocco,2000,-0.82539,78
MAR,Morocco,2001,-0.78178,82
MAR,Morocco,2002,-0.92086,85
MAR,Morocco,2003,-0.95251,87
MAR,Morocco,2004,-0.85233,85
MAR,Morocco,2005,-0.8839,86
MAR,Morocco,2006,-0.80387,86
MAR,Morocco,2007,-0.67222,89
MAR,Morocco,2008,-0.66135,92
MAR,Morocco,2009,-0.6178,87
MAR,Morocco,2010,-0.67464,91
MAR,Morocco,2011,-0.69663,92
MAR,Morocco,2012,-0.70124,94
MAR,Morocco,2013,-0.69384,95
MAR,Morocco,2014,-0.60293,96
MAR,Morocco,2015,-0.69246,99
MAR,Morocco,2016,-0.75541,98
MAR,Morocco,2017,-0.7215,94
MAR,Morocco,2018,-0.65673,93
MAR,Morocco,2019,-0.54336,86
MAR,Morocco,2020,-0.49935,83
MAR,Morocco,2021,-0.29567,76
MMR,Myanmar,2001,-1.39702,94
MMR,Myanmar,2002,-1.5609,97
MMR,Myanmar,2003,-1.67323,99
MMR,Myanmar,2004,-1.48963,102
MMR,Myanmar,2005,-1.4495,102
MMR,Myanmar,2006,-1.38732,104
MMR,Myanmar,2007,-1.38339,110
MMR,Myanmar,2008,-1.44067,115
MMR,Myanmar,2009,-1.47452,114
MMR,Myanmar,2010,-1.65037,118
MMR,Myanmar,2011,-1.66771,122
MMR,Myanmar,2012,-1.54696,123
MMR,Myanmar,2013,-1.49672,127
MMR,Myanmar,2014,-1.47743,127
MMR,Myanmar,2015,-1.47734,128
MMR,Myanmar,2016,-1.50402,124
MMR,Myanmar,2017,-1.30332,117
MMR,Myanmar,2018,-1.14977,113
MMR,Myanmar,2019,-1.1451,115
MMR,Myanmar,2020,-1.12859,109
MMR,Myanmar,2021,-0.84749,101
NAM,Namibia,2002,-0.34705,60
NAM,Namibia,2003,-0.3391,58
NAM,Namibia,2004,-0.43026,68
NAM,Namibia,2005,-0.4803,71
NAM,Namibia,2006,-0.4996,78
NAM,Namibia,2007,-0.58013,83
NAM,Namibia,2008,-0.50212,84
NAM,Namibia,2009,-0.46113,84
NAM,Namibia,2010,-0.39132,78
NAM,Namibia,2011,-0.55449,88
NAM,Namibia,2012,-0.49792,83
NAM,Namibia,2013,-0.4736,85
NAM,Namibia,2014,-0.24706,78
NAM,Namibia,2015,-0.29827,78
NAM,Namibia,2016,-0.38818,78
NAM,Namibia,2017,-0.55162,82
NAM,Namibia,2018,-0.59932,89
NAM,Namibia,2019,-0.70327,93
NAM,Namibia,2020,-0.70845,95
NAM,Namibia,2021,-0.73519,95
NGA,Nigeria,1998,-2.33168,89
NGA,Nigeria,1999,-1.95509,91
NGA,Nigeria,2000,-2.46871,96
NGA,Nigeria,2001,-2.26295,101
NGA,Nigeria,2002,-1.62055,100
NGA,Nigeria,2003,-1.46769,96
NGA,Nigeria,2004,-1.64773,105
NGA,Nigeria,2005,-1.83971,108
NGA,Nigeria,2006,-1.86973,112
NGA,Nigeria,2007,-1.8699,118
NGA,Nigeria,2008,-1.67278,117
NGA,Nigeria,2009,-1.76587,117
NGA,Nigeria,2010,-1.75807,121
NGA,Nigeria,2011,-1.8219,127
NGA,Nigeria,2012,-1.64048,126
NGA,Nigeria,2013,-1.35346,122
NGA,Nigeria,2014,-1.34151,124
NGA,Nigeria,2015,-1.48079,129
NGA,Nigeria,2016,-1.31231,118
NGA,Nigeria,2017,-1.70872,127
NGA,Nigeria,2018,-1.78995,127
NGA,Nigeria,2019,-1.64718,128
NGA,Nigeria,2020,-1.68416,128
NGA,Nigeria,2021,-1.60436,127
ROU,Romania,1998,0.08018,44
ROU,Romania,1999,-0.01845,44
ROU,Romania,2000,0.06752,44
ROU,Romania,2001,0.09127,46
ROU,Romania,2002,-0.00227,48
ROU,Romania,2003,0.04146,45
ROU,Romania,2004,0.12377,48
ROU,Romania,2005,0.17252,49
ROU,Romania,2006,0.28477,46
ROU,Romania,2007,0.45228,41
ROU,Romania,2008,0.57851,38
ROU,Romania,2009,0.68712,33
ROU,Romania,2010,0.68451,33
ROU,Romania,2011,0.7099,33
ROU,Romania,2012,0.67694,35
ROU,Romania,2013,0.71634,37
ROU,Romania,2014,0.76741,34
ROU,Romania,2015,0.82047,33
ROU,Romania,2016,0.8174,30
ROU,Romania,2017,0.90744,28
ROU,Romania,2018,0.96033,27
ROU,Romania,2019,1.02257,25
ROU,Romania,2020,1.04313,25
ROU,Romania,2021,1.08661,26
SEN,Senegal,2007,-0.10335,61
SEN,Senegal,2008,-0.23769,71
SEN,Senegal,2009,-0.34202,79
SEN,Senegal,2010,-0.45081,84
SEN,Senegal,2011,-0.48385,83
SEN,Senegal,2012,-0.5321,85
SEN,Senegal,2013,-0.45537,83
SEN,Senegal,2014,-0.38293,85
SEN,Senegal,2015,-0.42362,85
SEN,Senegal,2016,-0.51368,82
SEN,Senegal,2017,-0.52088,81
SEN,Senegal,2018,-0.56154,87
SEN,Senegal,2019,-0.69771,92
SEN,Senegal,2020,-0.70367,94
SEN,Senegal,2021,-0.6339,88
TUN,Tunisia,1998,-0.87525,70
TUN,Tunisia,1999,-0.72713,69
TUN,Tunisia,2000,-0.57403,70
TUN,Tunisia,2001,-0.37429,67
TUN,Tunisia,2002,-0.36273,61
TUN,Tunisia,2003,-0.40704,63
TUN,Tunisia,2004,-0.3342,61
TUN,Tunisia,2005,-0.31239,63
TUN,Tunisia,2006,-0.31743,66
TUN,Tunisia,2007,-0.17893,66
TUN,Tunisia,2008,-0.1378,64
TUN,Tunisia,2009,-0.10037,63
TUN,Tunisia,2010,-0.08765,64
TUN,Tunisia,2011,-0.03687,62
TUN,Tunisia,2012,-0.06177,62
TUN,Tunisia,2013,-0.02787,65
TUN,Tunisia,2014,0.01936,62
TUN,Tunisia,2015,-0.01276,63
TUN,Tunisia,2016,-0.04008,62
TUN,Tunisia,2017,0.00822,58
TUN,Tunisia,2018,0.06142,58
TUN,Tunisia,2019,0.09234,56
TUN,Tunisia,2020,0.09329,55
TUN,Tunisia,2021,0.21861,52
UKR,Ukraine,1998,0.67181,25
UKR,Ukraine,1999,0.55711,29
UKR,Ukraine,2000,0.59629,29
UKR,Ukraine,2001,0.60498,30
UKR,Ukraine,2002,0.58885,32
UKR,Ukraine,2003,0.5863,31
UKR,Ukraine,2004,0.65856,30
UKR,Ukraine,2005,0.68171,30
UKR,Ukraine,2006,0.6564,32
UKR,Ukraine,2007,0.64778,33
UKR,Ukraine,2008,0.69826,32
UKR,Ukraine,2009,0.67949,35
UKR,Ukraine,2010,0.69227,31
UKR,Ukraine,2011,0.69331,35
UKR,Ukraine,2012,0.6627,36
UKR,Ukraine,2013,0.70397,39
UKR,Ukraine,2014,0.68098,38
UKR,Ukraine,2015,0.62391,38
UKR,Ukraine,2016,0.53711,39
UKR,Ukraine,2017,0.50359,39
UKR,Ukraine,2018,0.53257,41
UKR,Ukraine,2019,0.50375,43
UKR,Ukraine,2020,0.51831,43
UKR,Ukraine,2021,0.48595,44
URY,Uruguay,1998,0.33951,36
URY,Uruguay,1999,0.3402,37
URY,Uruguay,2000,0.31224,37
URY,Uruguay,2001,0.36409,36
URY,Uruguay,2002,0.29062,38
URY,Uruguay,2003,0.14172,41
URY,Uruguay,2004,0.16826,45
URY,Uruguay,2005,0.25655,38
URY,Uruguay,2006,0.2114,49
URY,Uruguay,2007,0.15155,56
URY,Uruguay,2008,0.05406,58
URY,Uruguay,2009,0.10246,55
URY,Uruguay,2010,0.06984,56
URY,Uruguay,2011,0.05321,56
URY,Uruguay,2012,0.09029,57
URY,Uruguay,2013,0.15248,54
URY,Uruguay,2014,0.18249,56
URY,Uruguay,2015,0.21535,55
URY,Uruguay,2016,0.16569,56
URY,Uruguay,2017,0.2173,50
URY,Uruguay,2018,0.08526,57
URY,Uruguay,2019,-0.04222,59
URY,Uruguay,2020,0.00421,58
URY,Uruguay,2021,0.04943,60
VNM,Vietnam,1998,-1.35722,84
VNM,Vietnam,1999,-1.20349,80
VNM,Vietnam,2000,-0.97548,80
VNM,Vietnam,2001,-0.82076,83
VNM,Vietnam,2002,-0.8631,81
VNM,Vietnam,2003,-0.90821,83
VNM,Vietnam,2004,-0.75587,82
VNM,Vietnam,2005,-0.73445,81
VNM,Vietnam,2006,-0.56202,79
VNM,Vietnam,2007,-0.35887,79
VNM,Vietnam,2008,-0.3027,78
VNM,Vietnam,2009,-0.33013,77
VNM,Vietnam,2010,-0.39695,79
VNM,Vietnam,2011,-0.26904,76
VNM,Vietnam,2012,-0.23622,70
VNM,Vietnam,2013,-0.23378,72
VNM,Vietnam,2014,-0.16949,74
VNM,Vietnam,2015,-0.22971,77
VNM,Vietnam,2016,-0.26344,74
VNM,Vietnam,2017,-0.18465,70
VNM,Vietnam,2018,-0.08735,64
VNM,Vietnam,2019,-0.0639,62
VNM,Vietnam,2020,-0.02512,60
VNM,Vietnam,2021,0.10846,58
BWA,Botswana,2001,-0.23004,59
BWA,Botswana,2002,-0.55083,74
BWA,Botswana,2003,-0.59207,75
BWA,Botswana,2004,-0.66097,78
BWA,Botswana,2005,-0.85431,84
BWA,Botswana,2006,-0.89909,93
BWA,Botswana,2007,-0.8632,98
BWA,Botswana,2008,-0.56173,87
BWA,Botswana,2009,-0.21021,69
BWA,Botswana,2010,-0.12894,66
BWA,Botswana,2011,-0.2064,72
BWA,Botswana,2012,-0.3228,74
BWA,Botswana,2013,-0.48581,87
BWA,Botswana,2014,-0.37642,84
BWA,Botswana,2015,-0.39427,83
BWA,Botswana,2016,-0.57535,85
BWA,Botswana,2017,-0.45168,80
BWA,Botswana,2018,-0.42585,80
BWA,Botswana,2019,-0.41668,80
BWA,Botswana,2020,-0.5754,85
BWA,Botswana,2021,-0.71648,93
BGR,Bulgaria,1998,0.09695,43
BGR,Bulgaria,1999,0.11815,41
BGR,Bulgaria,2000,0.15265,41
BGR,Bulgaria,2001,0.14438,43
BGR,Bulgaria,2002,0.11904,43
BGR,Bulgaria,2003,0.06746,44
BGR,Bulgaria,2004,0.14421,47
BGR,Bulgaria,2005,0.13693,51
BGR,Bulgaria,2006,0.17085,52
BGR,Bulgaria,2007,0.29735,49
BGR,Bulgaria,2008,0.35692,46
BGR,Bulgaria,2009,0.39022,43
BGR,Bulgaria,2010,0.34139,49
BGR,Bulgaria,2011,0.38307,44
BGR,Bulgaria,2012,0.42235,43
BGR,Bulgaria,2013,0.46483,43
BGR,Bulgaria,2014,0.48263,43
BGR,Bulgaria,2015,0.43954,42
BGR,Bulgaria,2016,0.42568,43
BGR,Bulgaria,2017,0.42971,45
BGR,Bulgaria,2018,0.43765,46
BGR,Bulgaria,2019,0.48032,44
BGR,Bulgaria,2020,0.5346,41
BGR,Bulgaria,2021,0.64317,40
KHM,Cambodia,2001,-1.49801,97
KHM,Cambodia,2002,-1.64601,101
KHM,Cambodia,2003,-1.70018,100
KHM,Cambodia,2004,-1.6741,106
KHM,Cambodia,2005,-1.73758,106
KHM,Cambodia,2006,-1.69156,107
KHM,Cambodia,2007,-1.38194,109
KHM,Cambodia,2008,-1.31759,110
KHM,Cambodia,2009,-1.28152,112
KHM,Cambodia,2010,-1.46314,114
KHM,Cambodia,2011,-1.5125,121
KHM,Cambodia,2012,-1.47584,122
KHM,Cambodia,2013,-1.39256,124
KHM,Cambodia,2014,-1.2016,121
KHM,Cambodia,2015,-1.10179,115
KHM,Cambodia,2016,-1.18004,115
KHM,Cambodia,2017,-0.96731,108
KHM,Cambodia,2018,-0.94529,106
KHM,Cambodia,2019,-0.9177,102
KHM,Cambodia,2020,-0.94064,100
KHM,Cambodia,2021,-0.65065,89
CMR,Cameroon,1998,-1.79154,87
CMR,Cameroon,1999,-1.7768,89
CMR,Cameroon,2000,-1.78568,94
CMR,Cameroon,2001,-1.61662,98
CMR,Cameroon,2002,-1.32825,94
CMR,Cameroon,2003,-1.23309,91
CMR,Cameroon,2004,-1.2215,97
CMR,Cameroon,2005,-1.63276,105
CMR,Cameroon,2006,-1.85404,111
CMR,Cameroon,2007,-1.22124,107
CMR,Cameroon,2008,-1.05585,105
CMR,Cameroon,2009,-1.01692,105
CMR,Cameroon,2010,-1.11676,108
CMR,Cameroon,2011,-0.98141,106
CMR,Cameroon,2012,-1.02704,107
CMR,Cameroon,2013,-0.8957,105
CMR,Cameroon,2014,-0.84501,104
CMR,Cameroon,2015,-0.81631,103
CMR,Cameroon,2016,-0.72368,93
CMR,Cameroon,2017,-0.90803,103
CMR,Cameroon,2018,-1.09356,112
CMR,Cameroon,2019,-1.10666,112
CMR,Cameroon,2020,-1.16413,112
CMR,Cameroon,2021,-1.13032,114
COL,Colombia,1998,-0.02087,47
COL,Colombia,1999,-0.04187,46
COL,Colombia,2000,-0.03556,49
COL,Colombia,2001,0.06809,49
COL,Colombia,2002,0.06554,45
COL,Colombia,2003,-0.0483,51
COL,Colombia,2004,-0.03975,53
COL,Colombia,2005,-0.10077,54
COL,Colombia,2006,0.00025,56
COL,Colombia,2007,0.035,59
COL,Colombia,2008,-0.00027,59
COL,Colombia,2009,-0.03275,60
COL,Colombia,2010,-0.03537,59
COL,Colombia,2011,0.0136,59
COL,Colombia,2012,0.09438,56
COL,Colombia,2013,0.13662,55
COL,Colombia,2014,0.24337,55
COL,Colombia,2015,0.14357,56
COL,Colombia,2016,0.12165,58
COL,Colombia,2017,0.16735,56
COL,Colombia,2018,0.17655,51
COL,Colombia,2019,0.15155,53
COL,Colombia,2020,0.18176,52
COL,Colombia,2021,0.13657,56
HND,Honduras,1998,-0.95336,74
HND,Honduras,1999,-0.83561,74
HND,Honduras,2000,-0.87647,79
HND,Honduras,2001,-0.8761,86
HND,Honduras,2002,-1.05616,88
HND,Honduras,2003,-1.07699,88
HND,Honduras,2004,-0.91385,89
HND,Honduras,2005,-0.9706,91
HND,Honduras,2006,-0.94501,95
HND,Honduras,2007,-0.71586,90
HND,Honduras,2008,-0.69001,95
HND,Honduras,2009,-0.72402,94
HND,Honduras,2010,-0.7905,96
HND,Honduras,2011,-0.81188,101
HND,Honduras,2012,-0.74076,97
HND,Honduras,2013,-0.65502,94
HND,Honduras,2014,-0.53501,92
HND,Honduras,2015,-0.57155,90
HND,Honduras,2016,-0.6009,88
HND,Honduras,2017,-0.62862,89
HND,Honduras,2018,-0.53613,84
HND,Honduras,2019,-0.57281,88
HND,Honduras,2020,-0.60221,86
HND,Honduras,2021,-0.53313,85
MYS,Malaysia,1998,-0.20781,54
MYS,Malaysia,1999,-0.05826,47
MYS,Malaysia,2000,0.05696,45
MYS,Malaysia,2001,0.27554,38
MYS,Malaysia,2002,0.47587,33
MYS,Malaysia,2003,0.4766,33
MYS,Malaysia,2004,0.67071,29
MYS,Malaysia,2005,0.62139,32
MYS,Malaysia,2006,0.66863,31
MYS,Malaysia,2007,0.79722,30
MYS,Malaysia,2008,0.8254,28
MYS,Malaysia,2009,0.82702,29
MYS,Malaysia,2010,0.85297,28
MYS,Malaysia,2011,0.93909,26
MYS,Malaysia,2012,1.01311,25
MYS,Malaysia,2013,1.07683,23
MYS,Malaysia,2014,1.03083,24
MYS,Malaysia,2015,0.98405,25
MYS,Malaysia,2016,1.0287,24
MYS,Malaysia,2017,1.01803,24
MYS,Malaysia,2018,1.02134,24
MYS,Malaysia,2019,1.01416,26
MYS,Malaysia,2020,1.03003,26
MYS,Malaysia,2021,1.09264,24
MNG,Mongolia,2007,-1.1361,104
MNG,Mongolia,2008,-1.10549,108
MNG,Mongolia,2009,-0.95869,102
MNG,Mongolia,2010,-0.9175,102
MNG,Mongolia,2011,-1.12863,112
MNG,Mongolia,2012,-0.84228,102
MNG,Mongolia,2013,-0.82182,102
MNG,Mongolia,2014,-0.9354,107
MNG,Mongolia,2015,-1.01862,112
MNG,Mongolia,2016,-0.90796,103
MNG,Mongolia,2017,-0.91992,104
MNG,Mongolia,2018,-0.95248,107
MNG,Mongolia,2019,-1.08881,110
MNG,Mongolia,2020,-1.20988,115
MNG,Mongolia,2021,-1.21133,117
PAK,Pakistan,1998,-1.37995,85
PAK,Pakistan,1999,-1.25403,84
PAK,Pakistan,2000,-1.13638,86
PAK,Pakistan,2001,-1.12043,89
PAK,Pakistan,2002,-1.20869,91
PAK,Pakistan,2003,-1.16551,90
PAK,Pakistan,2004,-1.10957,94
PAK,Pakistan,2005,-1.00728,93
PAK,Pakistan,2006,-0.88272,91
PAK,Pakistan,2007,-0.7364,92
PAK,Pakistan,2008,-0.65962,91
PAK,Pakistan,2009,-0.68809,91
PAK,Pakistan,2010,-0.75153,92
PAK,Pakistan,2011,-0.79174,98
PAK,Pakistan,2012,-0.82897,100
PAK,Pakistan,2013,-0.82489,103
PAK,Pakistan,2014,-0.69993,102
PAK,Pakistan,2015,-0.77018,102
PAK,Pakistan,2016,-0.85783,101
PAK,Pakistan,2017,-0.80477,97
PAK,Pakistan,2018,-0.74313,97
PAK,Pakistan,2019,-0.72528,94
PAK,Pakistan,2020,-0.68317,89
PAK,Pakistan,2021,-0.56994,87
PRY,Paraguay,2000,-0.45811,65
PRY,Paraguay,2001,-0.57923,76
PRY,Paraguay,2002,-0.64445,77
PRY,Paraguay,2003,-0.59959,76
PRY,Paraguay,2004,-0.50161,71
PRY,Paraguay,2005,-0.62726,77
PRY,Paraguay,2006,-0.76084,82
PRY,Paraguay,2007,-0.63377,86
PRY,Paraguay,2008,-0.66342,93
PRY,Paraguay,2009,-0.72267,93
PRY,Paraguay,2010,-0.83984,99
PRY,Paraguay,2011,-0.82107,102
PRY,Paraguay,2012,-0.71106,95
PRY,Paraguay,2013,-0.56998,90
PRY,Paraguay,2014,-0.50801,89
PRY,Paraguay,2015,-0.59391,96
PRY,Paraguay,2016,-0.74095,95
PRY,Paraguay,2017,-0.5836,86
PRY,Paraguay,2018,-0.54626,85
PRY,Paraguay,2019,-0.55856,87
PRY,Paraguay,2020,-0.4307,79
PRY,Paraguay,2021,-0.40608,80
PRT,Portugal,1998,0.02505,46
PRT,Portugal,1999,0.07369,43
PRT,Portugal,2000,0.17904,40
PRT,Portugal,2001,0.22722,41
PRT,Portugal,2002,0.17473,41
PRT,Portugal,2003,0.14809,40
PRT,Portugal,2004,0.23625,39
PRT,Portugal,2005,0.25321,40
PRT,Portugal,2006,0.26104,48
PRT,Portugal,2007,0.35158,45
PRT,Portugal,2008,0.36598,45
PRT,Portugal,2009,0.3827,44
PRT,Portugal,2010,0.34685,48
PRT,Portugal,2011,0.36044,46
PRT,Portugal,2012,0.37327,44
PRT,Portugal,2013,0.39015,47
PRT,Portugal,2014,0.43899,46
PRT,Portugal,2015,0.40373,47
PRT,Portugal,2016,0.37242,46
PRT,Portugal,2017,0.40772,46
PRT,Portugal,2018,0.44635,45
PRT,Portugal,2019,0.45372,45
PRT,Portugal,2020,0.49004,44
PRT,Portugal,2021,0.55996,43
SVK,Slovakia,1998,0.7375,21
SVK,Slovakia,1999,0.72937,21
SVK,Slovakia,2000,0.73671,23
SVK,Slovakia,2001,0.80432,23
SVK,Slovakia,2002,0.87091,23
SVK,Slovakia,2003,0.87455,24
SVK,Slovakia,2004,0.93473,23
SVK,Slovakia,2005,0.97629,23
SVK,Slovakia,2006,0.9999,22
SVK,Slovakia,2007,1.07274,21
SVK,Slovakia,2008,1.10258,21
SVK,Slovakia,2009,1.19564,19
SVK,Slovakia,2010,1.22338,19
SVK,Slovakia,2011,1.28122,19
SVK,Slovakia,2012,1.2595,20
SVK,Slovakia,2013,1.26203,19
SVK,Slovakia,2014,1.25728,19
SVK,Slovakia,2015,1.27496,19
SVK,Slovakia,2016,1.28065,19
SVK,Slovakia,2017,1.28689,19
SVK,Slovakia,2018,1.30657,17
SVK,Slovakia,2019,1.35387,16
SVK,Slovakia,2020,1.33887,17
SVK,Slovakia,2021,1.33172,16
SVN,Slovenia,1998,0.97099,18
SVN,Slovenia,1999,1.00962,18
SVN,Slovenia,2000,1.06494,17
SVN,Slovenia,2001,1.09752,17
SVN,Slovenia,2002,1.15197,17
SVN,Slovenia,2003,1.22547,15
SVN,Slovenia,2004,1.24524,18
SVN,Slovenia,2005,1.29127,15
SVN,Slovenia,2006,1.31339,15
SVN,Slovenia,2007,1.3239,15
SVN,Slovenia,2008,1.33269,15
SVN,Slovenia,2009,1.36304,14
SVN,Slovenia,2010,1.37387,15
SVN,Slovenia,2011,1.43965,14
SVN,Slovenia,2012,1.4387,15
SVN,Slovenia,2013,1.42851,14
SVN,Slovenia,2014,1.40056,14
SVN,Slovenia,2015,1.42781,13
SVN,Slovenia,2016,1.4872,13
SVN,Slovenia,2017,1.503,11
SVN,Slovenia,2018,1.46839,12
SVN,Slovenia,2019,1.47695,12
SVN,Slovenia,2020,1.47633,12
SVN,Slovenia,2021,1.45488,11
TZA,Tanzania,2004,-1.19497,96
TZA,Tanzania,2005,-1.0422,95
TZA,Tanzania,2006,-0.90915,94
TZA,Tanzania,2007,-0.74677,93
TZA,Tanzania,2008,-0.71685,98
TZA,Tanzania,2009,-0.70113,92
TZA,Tanzania,2010,-0.87814,101
TZA,Tanzania,2011,-0.87641,104
TZA,Tanzania,2012,-0.83329,101
TZA,Tanzania,2013,-0.81763,101
TZA,Tanzania,2014,-0.79499,103
TZA,Tanzania,2015,-0.95482,108
TZA,Tanzania,2016,-1.02111,110
TZA,Tanzania,2017,-1.08923,114
TZA,Tanzania,2018,-0.55596,86
TZA,Tanzania,2019,-0.62484,89
TZA,Tanzania,2020,-0.64105,88
TZA,Tanzania,2021,-1.14507,115
THA,Thailand,1998,-0.47594,63
THA,Thailand,1999,-0.34681,61
THA,Thailand,2000,-0.19842,57
THA,Thailand,2001,-0.10748,54
THA,Thailand,2002,-0.06838,53
THA,Thailand,2003,-0.04557,50
THA,Thailand,2004,0.21852,41
THA,Thailand,2005,0.2563,39
THA,Thailand,2006,0.31761,42
THA,Thailand,2007,0.46471,40
THA,Thailand,2008,0.51246,41
THA,Thailand,2009,0.49489,41
THA,Thailand,2010,0.47189,41
THA,Thailand,2011,0.57872,37
THA,Thailand,2012,0.60896,38
THA,Thailand,2013,0.7241,36
THA,Thailand,2014,0.80035,32
THA,Thailand,2015,0.88284,28
THA,Thailand,2016,0.91415,27
THA,Thailand,2017,0.90017,29
THA,Thailand,2018,0.94187,28
THA,Thailand,2019,0.92722,30
THA,Thailand,2020,0.90129,32
THA,Thailand,2021,0.95504,29
TUR,Trkiye,1998,-0.10858,48
TUR,Trkiye,1999,-0.05893,48
TUR,Trkiye,2000,0.01766,47
TUR,Trkiye,2001,0.02247,52
TUR,Trkiye,2002,-0.02464,49
TUR,Trkiye,2003,-0.0622,52
TUR,Trkiye,2004,0.01219,51
TUR,Trkiye,2005,0.01696,52
TUR,Trkiye,2006,0.14269,53
TUR,Trkiye,2007,0.24601,53
TUR,Trkiye,2008,0.29554,48
TUR,Trkiye,2009,0.33077,49
TUR,Trkiye,2010,0.28813,50
TUR,Trkiye,2011,0.34767,48
TUR,Trkiye,2012,0.35615,47
TUR,Trkiye,2013,0.3983,45
TUR,Trkiye,2014,0.45796,44
TUR,Trkiye,2015,0.40643,46
TUR,Trkiye,2016,0.38231,45
TUR,Trkiye,2017,0.4594,44
TUR,Trkiye,2018,0.51468,42
TUR,Trkiye,2019,0.57026,39
TUR,Trkiye,2020,0.60164,38
TUR,Trkiye,2021,0.61144,41
ZWE,Zimbabwe,1998,-0.25708,56
ZWE,Zimbabwe,1999,-0.3369,59
ZWE,Zimbabwe,2000,-0.3088,62
ZWE,Zimbabwe,2001,-0.34166,65
ZWE,Zimbabwe,2002,-0.38068,63
ZWE,Zimbabwe,2003,-0.36945,60
ZWE,Zimbabwe,2004,-0.36631,63
ZWE,Zimbabwe,2005,-0.34256,65
ZWE,Zimbabwe,2006,-0.28291,65
ZWE,Zimbabwe,2007,-0.23948,69
ZWE,Zimbabwe,2008,-0.22669,70
ZWE,Zimbabwe,2009,-0.36233,80
ZWE,Zimbabwe,2010,-0.4354,83
ZWE,Zimbabwe,2011,-0.71657,95
ZWE,Zimbabwe,2012,-0.78693,99
ZWE,Zimbabwe,2013,-0.76322,99
ZWE,Zimbabwe,2014,-0.60273,95
ZWE,Zimbabwe,2015,-0.66657,98
ZWE,Zimbabwe,2016,-0.72503,94
ZWE,Zimbabwe,2017,-0.80138,96
ZWE,Zimbabwe,2018,-0.79295,100
ZWE,Zimbabwe,2019,-0.84787,99
ZWE,Zimbabwe,2020,-0.88842,99
ZWE,Zimbabwe,2021,-0.82885,99
ARG,Argentina,1998,0.34638,35
ARG,Argentina,1999,0.31044,38
ARG,Argentina,2000,0.35453,36
ARG,Argentina,2001,0.4141,34
ARG,Argentina,2002,0.37989,36
ARG,Argentina,2003,0.28885,36
ARG,Argentina,2004,0.28614,36
ARG,Argentina,2005,0.26919,37
ARG,Argentina,2006,0.3028,44
ARG,Argentina,2007,0.32893,48
ARG,Argentina,2008,0.33108,47
ARG,Argentina,2009,0.35523,46
ARG,Argentina,2010,0.35728,46
ARG,Argentina,2011,0.29874,50
ARG,Argentina,2012,0.3538,48
ARG,Argentina,2013,0.41403,44
ARG,Argentina,2014,0.4501,45
ARG,Argentina,2015,0.43057,44
ARG,Argentina,2016,0.28112,49
ARG,Argentina,2017,0.20444,52
ARG,Argentina,2018,0.1386,55
ARG,Argentina,2019,0.14685,54
ARG,Argentina,2020,0.09586,54
ARG,Argentina,2021,0.02399,62
AUS,Australia,1998,0.61068,27
AUS,Australia,1999,0.54943,30
AUS,Australia,2000,0.54383,33
AUS,Australia,2001,0.48164,33
AUS,Australia,2002,0.40829,35
AUS,Australia,2003,0.28266,37
AUS,Australia,2004,0.18752,44
AUS,Australia,2005,0.13826,50
AUS,Australia,2006,0.11214,54
AUS,Australia,2007,0.1695,55
AUS,Australia,2008,0.11746,56
AUS,Australia,2009,0.0448,58
AUS,Australia,2010,-0.07294,62
AUS,Australia,2011,-0.18567,70
AUS,Australia,2012,-0.04618,61
AUS,Australia,2013,0.00281,63
AUS,Australia,2014,-0.04477,68
AUS,Australia,2015,-0.0887,66
AUS,Australia,2016,-0.06551,64
AUS,Australia,2017,-0.17248,68
AUS,Australia,2018,-0.17819,72
AUS,Australia,2019,-0.2803,72
AUS,Australia,2020,-0.33421,76
AUS,Australia,2021,-0.43118,82
GTM,Guatemala,1998,-0.42244,61
GTM,Guatemala,1999,-0.45702,63
GTM,Guatemala,2000,-0.3925,64
GTM,Guatemala,2001,-0.42629,68
GTM,Guatemala,2002,-0.44492,66
GTM,Guatemala,2003,-0.40104,62
GTM,Guatemala,2004,-0.36817,64
GTM,Guatemala,2005,-0.46953,70
GTM,Guatemala,2006,-0.48271,77
GTM,Guatemala,2007,-0.34195,77
GTM,Guatemala,2008,-0.32683,79
GTM,Guatemala,2009,-0.45896,83
GTM,Guatemala,2010,-0.53918,85
GTM,Guatemala,2011,-0.52227,86
GTM,Guatemala,2012,-0.49698,82
GTM,Guatemala,2013,-0.46366,84
GTM,Guatemala,2014,-0.33936,83
GTM,Guatemala,2015,-0.33844,81
GTM,Guatemala,2016,-0.41879,79
GTM,Guatemala,2017,-0.35885,78
GTM,Guatemala,2018,-0.37036,79
GTM,Guatemala,2019,-0.34099,76
GTM,Guatemala,2020,-0.37255,77
GTM,Guatemala,2021,-0.24778,73
HKG,Hong Kong,1998,-0.31958,58
HKG,Hong Kong,1999,-0.1941,56
HKG,Hong Kong,2000,-0.01691,48
HKG,Hong Kong,2001,0.05435,50
HKG,Hong Kong,2002,0.10436,44
HKG,Hong Kong,2003,0.11151,42
HKG,Hong Kong,2004,0.2744,37
HKG,Hong Kong,2005,0.32205,36
HKG,Hong Kong,2006,0.39634,37
HKG,Hong Kong,2007,0.52815,38
HKG,Hong Kong,2008,0.63965,35
HKG,Hong Kong,2009,0.66247,36
HKG,Hong Kong,2010,0.63758,37
HKG,Hong Kong,2011,0.74541,31
HKG,Hong Kong,2012,0.85289,29
HKG,Hong Kong,2013,0.82061,31
HKG,Hong Kong,2014,0.80396,31
HKG,Hong Kong,2015,0.85164,31
HKG,Hong Kong,2016,0.90283,28
HKG,Hong Kong,2017,0.93021,27
HKG,Hong Kong,2018,0.97799,25
HKG,Hong Kong,2019,1.02355,24
HKG,Hong Kong,2020,1.111,23
HKG,Hong Kong,2021,1.16627,21
IDN,Indonesia,1998,-0.81195,67
IDN,Indonesia,1999,-0.69654,67
IDN,Indonesia,2000,-0.57037,69
IDN,Indonesia,2001,-0.44427,69
IDN,Indonesia,2002,-0.4776,68
IDN,Indonesia,2003,-0.50725,69
IDN,Indonesia,2004,-0.38333,65
IDN,Indonesia,2005,-0.37548,67
IDN,Indonesia,2006,-0.34418,68
IDN,Indonesia,2007,-0.16542,64
IDN,Indonesia,2008,-0.15559,66
IDN,Indonesia,2009,-0.20456,67
IDN,Indonesia,2010,-0.30096,75
IDN,Indonesia,2011,-0.31111,77
IDN,Indonesia,2012,-0.32903,75
IDN,Indonesia,2013,-0.27825,76
IDN,Indonesia,2014,-0.20714,77
IDN,Indonesia,2015,-0.16298,71
IDN,Indonesia,2016,-0.18606,71
IDN,Indonesia,2017,-0.18096,69
IDN,Indonesia,2018,-0.11197,68
IDN,Indonesia,2019,-0.08727,64
IDN,Indonesia,2020,-0.06323,64
IDN,Indonesia,2021,0.0358,61
LTU,Lithuania,1998,0.06275,45
LTU,Lithuania,1999,0.08569,42
LTU,Lithuania,2000,0.07208,43
LTU,Lithuania,2001,0.0856,47
LTU,Lithuania,2002,0.00676,47
LTU,Lithuania,2003,-0.03031,49
LTU,Lithuania,2004,0.03607,50
LTU,Lithuania,2005,0.19772,46
LTU,Lithuania,2006,0.32164,41
LTU,Lithuania,2007,0.49327,39
LTU,Lithuania,2008,0.56449,39
LTU,Lithuania,2009,0.56529,39
LTU,Lithuania,2010,0.50791,39
LTU,Lithuania,2011,0.56556,39
LTU,Lithuania,2012,0.66002,37
LTU,Lithuania,2013,0.71075,38
LTU,Lithuania,2014,0.75487,36
LTU,Lithuania,2015,0.7557,35
LTU,Lithuania,2016,0.77198,35
LTU,Lithuania,2017,0.77968,32
LTU,Lithuania,2018,0.86036,31
LTU,Lithuania,2019,0.90286,31
LTU,Lithuania,2020,0.90769,31
LTU,Lithuania,2021,0.91698,30
NIC,Nicaragua,2006,-1.01574,97
NIC,Nicaragua,2007,-0.81442,97
NIC,Nicaragua,2008,-0.91036,100
NIC,Nicaragua,2009,-0.92733,100
NIC,Nicaragua,2010,-1.09832,107
NIC,Nicaragua,2011,-1.13326,113
NIC,Nicaragua,2012,-1.17568,112
NIC,Nicaragua,2013,-1.1307,113
NIC,Nicaragua,2014,-1.07077,114
NIC,Nicaragua,2015,-1.12048,117
NIC,Nicaragua,2016,-1.29035,117
NIC,Nicaragua,2017,-1.21558,116
NIC,Nicaragua,2018,-1.15781,114
NIC,Nicaragua,2019,-1.07442,109
NIC,Nicaragua,2020,-1.06539,107
NIC,Nicaragua,2021,-1.07286,109
SGP,Singapore,1998,0.61439,26
SGP,Singapore,1999,0.71409,23
SGP,Singapore,2000,0.88265,21
SGP,Singapore,2001,0.97545,22
SGP,Singapore,2002,1.09637,20
SGP,Singapore,2003,1.17524,19
SGP,Singapore,2004,1.45128,11
SGP,Singapore,2005,1.4583,11
SGP,Singapore,2006,1.3621,14
SGP,Singapore,2007,1.43516,10
SGP,Singapore,2008,1.50106,10
SGP,Singapore,2009,1.50404,10
SGP,Singapore,2010,1.53181,11
SGP,Singapore,2011,1.57661,11
SGP,Singapore,2012,1.71433,6
SGP,Singapore,2013,1.63348,7
SGP,Singapore,2014,1.55905,8
SGP,Singapore,2015,1.58732,8
SGP,Singapore,2016,1.69067,6
SGP,Singapore,2017,1.70544,6
SGP,Singapore,2018,1.78183,6
SGP,Singapore,2019,1.71269,6
SGP,Singapore,2020,1.78656,6
SGP,Singapore,2021,1.7157,6
LKA,Sri Lanka,1998,-1.34268,82
LKA,Sri Lanka,1999,-1.24787,82
LKA,Sri Lanka,2000,-1.07916,85
LKA,Sri Lanka,2001,-0.97807,88
LKA,Sri Lanka,2002,-1.08477,90
LKA,Sri Lanka,2003,-1.08269,89
LKA,Sri Lanka,2004,-0.98331,91
LKA,Sri Lanka,2005,-0.93285,89
LKA,Sri Lanka,2006,-0.8044,87
LKA,Sri Lanka,2007,-0.63453,87
LKA,Sri Lanka,2008,-0.60166,88
LKA,Sri Lanka,2009,-0.6362,88
LKA,Sri Lanka,2010,-0.77784,95
LKA,Sri Lanka,2011,-0.74514,97
LKA,Sri Lanka,2012,-0.76856,98
LKA,Sri Lanka,2013,-0.7739,100
LKA,Sri Lanka,2014,-0.60763,97
LKA,Sri Lanka,2015,-0.62581,97
LKA,Sri Lanka,2016,-0.75405,97
LKA,Sri Lanka,2017,-0.63839,90
LKA,Sri Lanka,2018,-0.61685,91
LKA,Sri Lanka,2019,-0.52455,84
LKA,Sri Lanka,2020,-0.48184,81
LKA,Sri Lanka,2021,-0.40996,81
VEN,Venezuela,1998,0.10427,42
VEN,Venezuela,1999,-0.08845,50
VEN,Venezuela,2000,-0.09329,53
VEN,Venezuela,2001,-0.11221,55
VEN,Venezuela,2002,-0.10057,55
VEN,Venezuela,2003,-0.19234,55
VEN,Venezuela,2004,-0.18221,56
VEN,Venezuela,2005,-0.15884,55
VEN,Venezuela,2006,-0.11761,58
VEN,Venezuela,2007,-0.12174,63
VEN,Venezuela,2008,-0.09593,63
VEN,Venezuela,2009,-0.17549,66
VEN,Venezuela,2010,-0.08529,63
VEN,Venezuela,2011,-0.19345,71
VEN,Venezuela,2012,-0.36275,79
VEN,Venezuela,2013,-0.39751,81
VEN,Venezuela,2014,-0.50502,88
VEN,Venezuela,2015,-0.41595,84
VEN,Venezuela,2016,-0.55887,83
VEN,Venezuela,2017,-0.70012,92
VEN,Venezuela,2018,-0.70588,96
VEN,Venezuela,2019,-0.92582,103
VEN,Venezuela,2020,-1.15092,111
VEN,Venezuela,2021,-1.07403,110
AZE,Azerbaijan,2001,0.12366,44
AZE,Azerbaijan,2002,-0.06351,52
AZE,Azerbaijan,2003,-0.16134,53
AZE,Azerbaijan,2004,-0.26273,60
AZE,Azerbaijan,2005,-0.19921,57
AZE,Azerbaijan,2006,-0.33558,67
AZE,Azerbaijan,2007,-0.2663,72
AZE,Azerbaijan,2008,-0.54955,86
AZE,Azerbaijan,2009,-0.82096,96
AZE,Azerbaijan,2010,-0.62776,90
AZE,Azerbaijan,2011,-0.52959,87
AZE,Azerbaijan,2012,-0.35699,78
AZE,Azerbaijan,2013,-0.45228,82
AZE,Azerbaijan,2014,-0.5133,91
AZE,Azerbaijan,2015,-0.55821,88
AZE,Azerbaijan,2016,-0.51038,81
AZE,Azerbaijan,2017,-0.44757,79
AZE,Azerbaijan,2018,-0.60117,90
AZE,Azerbaijan,2019,-0.5332,85
AZE,Azerbaijan,2020,-0.47732,80
AZE,Azerbaijan,2021,-0.45049,83
BGD,Bangladesh,1998,-1.67947,86
BGD,Bangladesh,1999,-1.61586,87
BGD,Bangladesh,2000,-1.46775,90
BGD,Bangladesh,2001,-1.45935,95
BGD,Bangladesh,2002,-1.59137,99
BGD,Bangladesh,2003,-1.60936,97
BGD,Bangladesh,2004,-1.54857,103
BGD,Bangladesh,2005,-1.44602,101
BGD,Bangladesh,2006,-1.36644,103
BGD,Bangladesh,2007,-1.0999,103
BGD,Bangladesh,2008,-1.04786,104
BGD,Bangladesh,2009,-1.08145,107
BGD,Bangladesh,2010,-1.25962,112
BGD,Bangladesh,2011,-1.29868,117
BGD,Bangladesh,2012,-1.3143,119
BGD,Bangladesh,2013,-1.29881,120
BGD,Bangladesh,2014,-1.13823,118
BGD,Bangladesh,2015,-1.32244,122
BGD,Bangladesh,2016,-1.47341,123
BGD,Bangladesh,2017,-1.38384,121
BGD,Bangladesh,2018,-1.23992,116
BGD,Bangladesh,2019,-1.14068,114
BGD,Bangladesh,2020,-1.13039,110
BGD,Bangladesh,2021,-0.85127,102
CRI,Costa Rica,1998,-0.23262,55
CRI,Costa Rica,1999,-0.16388,53
CRI,Costa Rica,2000,-0.08041,52
CRI,Costa Rica,2001,0.04611,51
CRI,Costa Rica,2002,-0.02817,50
CRI,Costa Rica,2003,0.03772,46
CRI,Costa Rica,2004,-0.00169,52
CRI,Costa Rica,2005,-0.00632,53
CRI,Costa Rica,2006,0.05756,55
CRI,Costa Rica,2007,0.19518,54
CRI,Costa Rica,2008,0.12497,55
CRI,Costa Rica,2009,0.09229,56
CRI,Costa Rica,2010,-0.05973,61
CRI,Costa Rica,2011,-0.03917,63
CRI,Costa Rica,2012,-0.01062,60
CRI,Costa Rica,2013,0.13593,56
CRI,Costa Rica,2014,0.26103,54
CRI,Costa Rica,2015,0.30097,51
CRI,Costa Rica,2016,0.21846,52
CRI,Costa Rica,2017,0.18908,53
CRI,Costa Rica,2018,0.17965,50
CRI,Costa Rica,2019,0.19712,50
CRI,Costa Rica,2020,0.18872,51
CRI,Costa Rica,2021,0.23332,51
KAZ,Kazakhstan,1998,0.31299,37
KAZ,Kazakhstan,1999,-0.11935,52
KAZ,Kazakhstan,2000,-0.24111,60
KAZ,Kazakhstan,2001,-0.12275,56
KAZ,Kazakhstan,2002,-0.28469,56
KAZ,Kazakhstan,2003,-0.41507,64
KAZ,Kazakhstan,2004,-0.52789,73
KAZ,Kazakhstan,2005,-0.5541,75
KAZ,Kazakhstan,2006,-0.46001,74
KAZ,Kazakhstan,2007,-0.4381,81
KAZ,Kazakhstan,2008,-0.38268,81
KAZ,Kazakhstan,2009,-0.33877,78
KAZ,Kazakhstan,2010,-0.42969,82
KAZ,Kazakhstan,2011,-0.32288,78
KAZ,Kazakhstan,2012,-0.19022,68
KAZ,Kazakhstan,2013,-0.10811,69
KAZ,Kazakhstan,2014,-0.10398,70
KAZ,Kazakhstan,2015,-0.06937,65
KAZ,Kazakhstan,2016,-0.1003,66
KAZ,Kazakhstan,2017,-0.1544,67
KAZ,Kazakhstan,2018,-0.2077,74
KAZ,Kazakhstan,2019,-0.28346,74
KAZ,Kazakhstan,2020,-0.26604,73
KAZ,Kazakhstan,2021,-0.30651,78
MRT,Mauritania,2007,-1.34606,108
MRT,Mauritania,2008,-1.33396,112
MRT,Mauritania,2009,-1.31238,113
MRT,Mauritania,2010,-1.62588,116
MRT,Mauritania,2011,-1.1882,115
MRT,Mauritania,2012,-1.15053,111
MRT,Mauritania,2013,-1.21768,118
MRT,Mauritania,2014,-0.97384,109
MRT,Mauritania,2015,-0.98734,111
MRT,Mauritania,2016,-0.84358,100
MRT,Mauritania,2017,-1.05499,113
MRT,Mauritania,2018,-1.23179,115
MRT,Mauritania,2019,-1.27038,118
MRT,Mauritania,2020,-1.34481,121
MRT,Mauritania,2021,-1.37518,124
MOZ,Mozambique,2004,-0.89538,87
MOZ,Mozambique,2005,-0.85204,83
MOZ,Mozambique,2006,-0.9832,96
MOZ,Mozambique,2007,-1.03433,101
MOZ,Mozambique,2008,-1.14457,109
MOZ,Mozambique,2009,-0.93896,101
MOZ,Mozambique,2010,-1.07831,106
MOZ,Mozambique,2011,-1.09419,111
MOZ,Mozambique,2012,-1.222,116
MOZ,Mozambique,2013,-1.04049,108
MOZ,Mozambique,2014,-1.19646,120
MOZ,Mozambique,2015,-1.11808,116
MOZ,Mozambique,2016,-1.28043,116
MOZ,Mozambique,2017,-1.31805,119
MOZ,Mozambique,2018,-1.28857,119
MOZ,Mozambique,2019,-1.19482,116
MOZ,Mozambique,2020,-1.18877,113
MOZ,Mozambique,2021,-1.30895,121
UZB,Uzbekistan,1998,-0.13333,52
UZB,Uzbekistan,1999,-0.17046,54
UZB,Uzbekistan,2000,-0.23288,58
UZB,Uzbekistan,2001,-0.27179,61
UZB,Uzbekistan,2002,-0.37631,62
UZB,Uzbekistan,2003,-0.50574,68
UZB,Uzbekistan,2004,-0.66458,79
UZB,Uzbekistan,2005,-0.67457,79
UZB,Uzbekistan,2006,-0.6776,81
UZB,Uzbekistan,2007,-0.61415,85
UZB,Uzbekistan,2008,-0.65847,90
UZB,Uzbekistan,2009,-0.66876,90
UZB,Uzbekistan,2010,-0.80033,97
UZB,Uzbekistan,2011,-0.68942,91
UZB,Uzbekistan,2012,-0.63937,92
UZB,Uzbekistan,2013,-0.71155,96
UZB,Uzbekistan,2014,-0.5591,93
UZB,Uzbekistan,2015,-0.58016,91
UZB,Uzbekistan,2016,-0.65595,90
UZB,Uzbekistan,2017,-0.57254,84
UZB,Uzbekistan,2018,-0.5024,83
UZB,Uzbekistan,2019,-0.52353,83
UZB,Uzbekistan,2020,-0.54223,84
UZB,Uzbekistan,2021,-0.3861,79
SLV,El Salvador,1998,-0.29927,57
SLV,El Salvador,1999,-0.22044,57
SLV,El Salvador,2000,-0.32146,63
SLV,El Salvador,2001,-0.33811,64
SLV,El Salvador,2002,-0.42101,64
SLV,El Salvador,2003,-0.54864,72
SLV,El Salvador,2004,-0.4678,70
SLV,El Salvador,2005,-0.45254,69
SLV,El Salvador,2006,-0.4352,73
SLV,El Salvador,2007,-0.27608,73
SLV,El Salvador,2008,-0.28868,75
SLV,El Salvador,2009,-0.31713,76
SLV,El Salvador,2010,-0.39117,77
SLV,El Salvador,2011,-0.3533,80
SLV,El Salvador,2012,-0.33843,76
SLV,El Salvador,2013,-0.2664,75
SLV,El Salvador,2014,-0.17818,76
SLV,El Salvador,2015,-0.2022,74
SLV,El Salvador,2016,-0.27325,75
SLV,El Salvador,2017,-0.10931,65
SLV,El Salvador,2018,-0.08812,66
SLV,El Salvador,2019,-0.07881,63
SLV,El Salvador,2020,-0.13641,67
SLV,El Salvador,2021,-0.06647,67
NLD,Netherlands,1998,1.24193,11
NLD,Netherlands,1999,1.22644,11
NLD,Netherlands,2000,1.26373,11
NLD,Netherlands,2001,1.28877,11
NLD,Netherlands,2002,1.3411,11
NLD,Netherlands,2003,1.31364,13
NLD,Netherlands,2004,1.30905,15
NLD,Netherlands,2005,1.23883,18
NLD,Netherlands,2006,1.24262,18
NLD,Netherlands,2007,1.25405,18
NLD,Netherlands,2008,1.25616,18
NLD,Netherlands,2009,1.16783,21
NLD,Netherlands,2010,1.17446,21
NLD,Netherlands,2011,1.19814,21
NLD,Netherlands,2012,1.22812,21
NLD,Netherlands,2013,1.22031,21
NLD,Netherlands,2014,1.17708,21
NLD,Netherlands,2015,1.19327,21
NLD,Netherlands,2016,1.20031,21
NLD,Netherlands,2017,1.20232,21
NLD,Netherlands,2018,1.14848,22
NLD,Netherlands,2019,1.11958,22
NLD,Netherlands,2020,1.12093,22
NLD,Netherlands,2021,1.10037,23
NZL,New Zealand,1998,0.78209,20
NZL,New Zealand,1999,0.71855,22
NZL,New Zealand,2000,0.65393,25
NZL,New Zealand,2001,0.71398,26
NZL,New Zealand,2002,0.67986,27
NZL,New Zealand,2003,0.58709,30
NZL,New Zealand,2004,0.54801,33
NZL,New Zealand,2005,0.56351,33
NZL,New Zealand,2006,0.576,33
NZL,New Zealand,2007,0.56564,37
NZL,New Zealand,2008,0.53599,40
NZL,New Zealand,2009,0.49532,40
NZL,New Zealand,2010,0.43321,42
NZL,New Zealand,2011,0.463,43
NZL,New Zealand,2012,0.48375,41
NZL,New Zealand,2013,0.5468,41
NZL,New Zealand,2014,0.55401,41
NZL,New Zealand,2015,0.51895,40
NZL,New Zealand,2016,0.43696,41
NZL,New Zealand,2017,0.36176,47
NZL,New Zealand,2018,0.37294,47
NZL,New Zealand,2019,0.38874,47
NZL,New Zealand,2020,0.44282,47
NZL,New Zealand,2021,0.4117,46
PHL,Philippines,1998,-0.90057,71
PHL,Philippines,1999,-0.76169,70
PHL,Philippines,2000,-0.57507,71
PHL,Philippines,2001,-0.45667,70
PHL,Philippines,2002,-0.34663,59
PHL,Philippines,2003,-0.32149,57
PHL,Philippines,2004,-0.1217,55
PHL,Philippines,2005,-0.1747,56
PHL,Philippines,2006,-0.12982,60
PHL,Philippines,2007,0.062,58
PHL,Philippines,2008,0.2752,50
PHL,Philippines,2009,0.20528,52
PHL,Philippines,2010,0.20748,54
PHL,Philippines,2011,0.34896,47
PHL,Philippines,2012,0.36861,46
PHL,Philippines,2013,0.3938,46
PHL,Philippines,2014,0.38024,48
PHL,Philippines,2015,0.37262,48
PHL,Philippines,2016,0.35642,47
PHL,Philippines,2017,0.48465,41
PHL,Philippines,2018,0.60857,38
PHL,Philippines,2019,0.55154,40
PHL,Philippines,2020,0.5842,40
PHL,Philippines,2021,0.70468,37
KOR,South Korea,1998,0.4723,32
KOR,South Korea,1999,0.53892,31
KOR,South Korea,2000,0.58847,31
KOR,South Korea,2001,0.71985,25
KOR,South Korea,2002,0.86503,24
KOR,South Korea,2003,0.91276,23
KOR,South Korea,2004,1.14504,20
KOR,South Korea,2005,1.24513,16
KOR,South Korea,2006,1.3942,12
KOR,South Korea,2007,1.43511,11
KOR,South Korea,2008,1.43601,11
KOR,South Korea,2009,1.45567,12
KOR,South Korea,2010,1.50113,12
KOR,South Korea,2011,1.58608,10
KOR,South Korea,2012,1.66593,7
KOR,South Korea,2013,1.70245,6
KOR,South Korea,2014,1.68295,6
KOR,South Korea,2015,1.74335,5
KOR,South Korea,2016,1.81895,5
KOR,South Korea,2017,1.80889,5
KOR,South Korea,2018,1.84762,5
KOR,South Korea,2019,1.88617,5
KOR,South Korea,2020,1.89708,4
KOR,South Korea,2021,1.86311,4
CHE,Switzerland,1998,1.71001,3
CHE,Switzerland,1999,1.74162,1
CHE,Switzerland,2000,1.76355,3
CHE,Switzerland,2001,1.74853,3
CHE,Switzerland,2002,1.89721,3
CHE,Switzerland,2003,1.91889,3
CHE,Switzerland,2004,1.89532,3
CHE,Switzerland,2005,1.81191,3
CHE,Switzerland,2006,1.8,3
CHE,Switzerland,2007,1.77022,3
CHE,Switzerland,2008,1.77102,3
CHE,Switzerland,2009,1.80047,3
CHE,Switzerland,2010,1.85957,3
CHE,Switzerland,2011,1.9492,2
CHE,Switzerland,2012,2.04406,2
CHE,Switzerland,2013,2.00333,2
CHE,Switzerland,2014,1.91513,2
CHE,Switzerland,2015,2.01128,2
CHE,Switzerland,2016,2.04666,2
CHE,Switzerland,2017,2.08593,2
CHE,Switzerland,2018,2.03973,2
CHE,Switzerland,2019,2.02976,2
CHE,Switzerland,2020,2.00326,2
CHE,Switzerland,2021,1.94908,3
SAU,Saudi Arabia,1998,0.28963,39
SAU,Saudi Arabia,1999,-0.02953,45
SAU,Saudi Arabia,2000,0.04039,46
SAU,Saudi Arabia,2001,0.21776,42
SAU,Saudi Arabia,2002,0.20218,40
SAU,Saudi Arabia,2003,0.18326,39
SAU,Saudi Arabia,2004,0.23172,40
SAU,Saudi Arabia,2005,0.18941,48
SAU,Saudi Arabia,2006,0.27701,47
SAU,Saudi Arabia,2007,0.36408,44
SAU,Saudi Arabia,2008,0.19462,54
SAU,Saudi Arabia,2009,0.17864,53
SAU,Saudi Arabia,2010,0.48398,40
SAU,Saudi Arabia,2011,0.50902,41
SAU,Saudi Arabia,2012,0.58939,39
SAU,Saudi Arabia,2013,0.75142,33
SAU,Saudi Arabia,2014,0.79072,33
SAU,Saudi Arabia,2015,0.84068,32
SAU,Saudi Arabia,2016,0.79041,33
SAU,Saudi Arabia,2017,0.75992,34
SAU,Saudi Arabia,2018,0.8331,32
SAU,Saudi Arabia,2019,0.86984,32
SAU,Saudi Arabia,2020,0.91741,30
SAU,Saudi Arabia,2021,0.8624,32
ZAF,South Africa,1998,0.51903,31
ZAF,South Africa,1999,0.35053,36
ZAF,South Africa,2000,0.44913,34
ZAF,South Africa,2001,0.39696,35
ZAF,South Africa,2002,0.42508,34
ZAF,South Africa,2003,0.39414,34
ZAF,South Africa,2004,0.36574,35
ZAF,South Africa,2005,0.46859,34
ZAF,South Africa,2006,0.43639,36
ZAF,South Africa,2007,0.42563,42
ZAF,South Africa,2008,0.42263,42
ZAF,South Africa,2009,0.35336,47
ZAF,South Africa,2010,0.34896,47
ZAF,South Africa,2011,0.36636,45
ZAF,South Africa,2012,0.32959,51
ZAF,South Africa,2013,0.34302,50
ZAF,South Africa,2014,0.40187,47
ZAF,South Africa,2015,0.29355,52
ZAF,South Africa,2016,0.23675,51
ZAF,South Africa,2017,0.18205,54
ZAF,South Africa,2018,0.14069,54
ZAF,South Africa,2019,0.15528,52
ZAF,South Africa,2020,0.08487,56
ZAF,South Africa,2021,0.11125,57
TKM,Turkmenistan,2001,-1.20055,91
TKM,Turkmenistan,2002,-1.07927,89
TKM,Turkmenistan,2003,-1.3726,94
TKM,Turkmenistan,2004,-1.35699,100
TKM,Turkmenistan,2005,-1.25539,99
TKM,Turkmenistan,2006,-1.35987,102
TKM,Turkmenistan,2007,-1.21981,106
TKM,Turkmenistan,2008,-1.3662,113
TKM,Turkmenistan,2009,-1.15878,109
TKM,Turkmenistan,2010,-1.01419,103
TKM,Turkmenistan,2011,-1.00626,107
TKM,Turkmenistan,2012,-1.26687,117
TKM,Turkmenistan,2013,-1.53229,129
TKM,Turkmenistan,2014,-1.13303,117
TKM,Turkmenistan,2015,-1.15563,119
TKM,Turkmenistan,2016,-0.93528,104
TKM,Turkmenistan,2017,-0.87004,100
TKM,Turkmenistan,2018,-0.81521,102
TKM,Turkmenistan,2019,-0.84423,98
TKM,Turkmenistan,2020,-0.61933,87
TKM,Turkmenistan,2021,-0.53446,86
USA,United States,1998,1.66236,5
USA,United States,1999,1.63405,5
USA,United States,2000,1.67043,5
USA,United States,2001,1.63531,6
USA,United States,2002,1.73865,6
USA,United States,2003,1.73246,6
USA,United States,2004,1.71396,7
USA,United States,2005,1.67209,7
USA,United States,2006,1.63725,6
USA,United States,2007,1.54709,7
USA,United States,2008,1.56719,7
USA,United States,2009,1.56491,7
USA,United States,2010,1.60263,7
USA,United States,2011,1.61654,8
USA,United States,2012,1.62936,8
USA,United States,2013,1.60827,9
USA,United States,2014,1.55391,9
USA,United States,2015,1.58591,9
USA,United States,2016,1.61795,8
USA,United States,2017,1.58299,9
USA,United States,2018,1.56173,9
USA,United States,2019,1.565,10
USA,United States,2020,1.54198,10
USA,United States,2021,1.47721,10
CIV,Cte d'Ivoire,1998,-1.348,83
CIV,Cte d'Ivoire,1999,-1.40184,85
CIV,Cte d'Ivoire,2000,-1.03011,83
CIV,Cte d'Ivoire,2001,-0.72304,79
CIV,Cte d'Ivoire,2002,-0.7063,79
CIV,Cte d'Ivoire,2003,-0.74018,78
CIV,Cte d'Ivoire,2004,-0.71507,81
CIV,Cte d'Ivoire,2005,-0.67276,78
CIV,Cte d'Ivoire,2006,-0.80498,88
CIV,Cte d'Ivoire,2007,-0.80127,96
CIV,Cte d'Ivoire,2008,-0.93901,101
CIV,Cte d'Ivoire,2009,-1.08694,108
CIV,Cte d'Ivoire,2010,-1.20671,109
CIV,Cte d'Ivoire,2011,-1.15061,114
CIV,Cte d'Ivoire,2012,-1.20403,113
CIV,Cte d'Ivoire,2013,-1.09951,112
CIV,Cte d'Ivoire,2014,-0.95118,108
CIV,Cte d'Ivoire,2015,-0.89319,106
CIV,Cte d'Ivoire,2016,-0.89889,102
CIV,Cte d'Ivoire,2017,-0.97316,109
CIV,Cte d'Ivoire,2018,-1.00528,110
CIV,Cte d'Ivoire,2019,-1.10211,111
CIV,Cte d'Ivoire,2020,-1.02214,105
CIV,Cte d'Ivoire,2021,-1.10943,112
GBR,United Kingdom,1998,1.61144,6
GBR,United Kingdom,1999,1.61206,6
GBR,United Kingdom,2000,1.67043,5
GBR,United Kingdom,2001,1.69101,5
GBR,United Kingdom,2002,1.75742,5
GBR,United Kingdom,2003,1.76697,5
GBR,United Kingdom,2004,1.75042,5
GBR,United Kingdom,2005,1.70922,6
GBR,United Kingdom,2006,1.6355,7
GBR,United Kingdom,2007,1.52193,9
GBR,United Kingdom,2008,1.54634,8
GBR,United Kingdom,2009,1.55601,8
GBR,United Kingdom,2010,1.58759,8
GBR,United Kingdom,2011,1.60005,9
GBR,United Kingdom,2012,1.6063,10
GBR,United Kingdom,2013,1.57411,10
GBR,United Kingdom,2014,1.51961,12
GBR,United Kingdom,2015,1.52977,12
GBR,United Kingdom,2016,1.51131,12
GBR,United Kingdom,2017,1.4805,13
GBR,United Kingdom,2018,1.46399,13
GBR,United Kingdom,2019,1.45777,13
GBR,United Kingdom,2020,1.43483,13
GBR,United Kingdom,2021,1.43347,12
MKD,North Macedonia,1998,-0.1185,49
MKD,North Macedonia,2000,-0.05767,51
MKD,North Macedonia,2004,-0.36435,62
MKD,North Macedonia,2005,-0.3706,66
MKD,North Macedonia,2006,-0.34652,69
MKD,North Macedonia,2007,-0.21111,67
MKD,North Macedonia,2008,-0.20775,69
MKD,North Macedonia,2009,-0.14256,64
MKD,North Macedonia,2010,-0.25054,71
MKD,North Macedonia,2011,-0.22944,75
MKD,North Macedonia,2012,-0.25197,71
MKD,North Macedonia,2013,-0.16171,70
MKD,North Macedonia,2014,-0.1221,71
MKD,North Macedonia,2015,-0.17064,72
MKD,North Macedonia,2016,-0.25094,73
MKD,North Macedonia,2017,-0.20319,72
MKD,North Macedonia,2018,-0.08784,65
MKD,North Macedonia,2019,0.03533,58
MKD,North Macedonia,2020,0.04473,57
MKD,North Macedonia,2021,0.20578,53
PNG,Papua New Guinea,1999,-1.77038,88
PNG,Papua New Guinea,2000,-1.77181,93
PNG,Papua New Guinea,2001,-1.7617,99
PNG,Papua New Guinea,2002,-1.29766,92
PNG,Papua New Guinea,2003,-1.36629,93
PNG,Papua New Guinea,2004,-1.28738,99
PNG,Papua New Guinea,2005,-1.59787,103
PNG,Papua New Guinea,2006,-1.85209,110
PNG,Papua New Guinea,2007,-2.31885,120
PNG,Papua New Guinea,2008,-2.27021,122
PNG,Papua New Guinea,2009,-2.31759,123
PNG,Papua New Guinea,2010,-2.3252,124
PNG,Papua New Guinea,2011,-1.79479,125
PNG,Papua New Guinea,2012,-1.6987,127
PNG,Papua New Guinea,2013,-1.51064,128
PNG,Papua New Guinea,2014,-1.53494,128
PNG,Papua New Guinea,2015,-1.788,131
PNG,Papua New Guinea,2016,-1.90709,128
PNG,Papua New Guinea,2017,-1.99632,128
PNG,Papua New Guinea,2018,-1.99394,129
PNG,Papua New Guinea,2019,-1.40026,122
PNG,Papua New Guinea,2020,-1.46452,125
PNG,Papua New Guinea,2021,-1.51189,125
DOM,Dominican Republic,1998,-0.94235,73
DOM,Dominican Republic,1999,-0.8054,73
DOM,Dominican Republic,2000,-0.66478,73
DOM,Dominican Republic,2001,-0.54903,75
DOM,Dominican Republic,2002,-0.60391,76
DOM,Dominican Republic,2003,-0.5785,74
DOM,Dominican Republic,2004,-0.51103,72
DOM,Dominican Republic,2005,-0.54293,74
DOM,Dominican Republic,2006,-0.48038,76
DOM,Dominican Republic,2007,-0.34487,78
DOM,Dominican Republic,2008,-0.26296,74
DOM,Dominican Republic,2009,-0.22688,71
DOM,Dominican Republic,2010,-0.23566,70
DOM,Dominican Republic,2011,-0.21149,73
DOM,Dominican Republic,2012,-0.26784,72
DOM,Dominican Republic,2013,-0.23732,73
DOM,Dominican Republic,2014,-0.17747,75
DOM,Dominican Republic,2015,-0.22778,76
DOM,Dominican Republic,2016,-0.27586,76
DOM,Dominican Republic,2017,-0.25854,75
DOM,Dominican Republic,2018,-0.22001,75
DOM,Dominican Republic,2019,-0.1447,66
DOM,Dominican Republic,2020,-0.15362,68
DOM,Dominican Republic,2021,-0.02589,66
RUS,Russian Federation,1998,0.70816,22
RUS,Russian Federation,1999,0.61832,26
RUS,Russian Federation,2000,0.65126,26
RUS,Russian Federation,2001,0.71056,27
RUS,Russian Federation,2002,0.67475,28
RUS,Russian Federation,2003,0.63928,28
RUS,Russian Federation,2004,0.57414,32
RUS,Russian Federation,2005,0.75773,28
RUS,Russian Federation,2006,0.77735,29
RUS,Russian Federation,2007,0.73333,32
RUS,Russian Federation,2008,0.69782,33
RUS,Russian Federation,2009,0.74751,31
RUS,Russian Federation,2010,0.78386,30
RUS,Russian Federation,2011,0.73164,32
RUS,Russian Federation,2012,0.71977,34
RUS,Russian Federation,2013,0.74389,35
RUS,Russian Federation,2014,0.61557,40
RUS,Russian Federation,2015,0.5024,41
RUS,Russian Federation,2016,0.49283,40
RUS,Russian Federation,2017,0.45968,43
RUS,Russian Federation,2018,0.49438,43
RUS,Russian Federation,2019,0.50633,42
RUS,Russian Federation,2020,0.48111,45
RUS,Russian Federation,2021,0.4506,45
ARE,United Arab Emirates,1998,-0.84436,69
ARE,United Arab Emirates,1999,-0.78902,71
ARE,United Arab Emirates,2000,-0.70895,75
ARE,United Arab Emirates,2001,-0.50265,72
ARE,United Arab Emirates,2002,-0.51357,71
ARE,United Arab Emirates,2003,-0.39088,61
ARE,United Arab Emirates,2004,-0.24204,58
ARE,United Arab Emirates,2005,-0.22594,58
ARE,United Arab Emirates,2006,-0.11852,59
ARE,United Arab Emirates,2007,-0.17705,65
ARE,United Arab Emirates,2008,-0.20347,68
ARE,United Arab Emirates,2009,-0.20586,68
ARE,United Arab Emirates,2010,-0.13601,67
ARE,United Arab Emirates,2011,0.02069,58
ARE,United Arab Emirates,2012,-0.01027,59
ARE,United Arab Emirates,2013,0.05997,60
ARE,United Arab Emirates,2014,0.10877,57
ARE,United Arab Emirates,2015,0.08808,58
ARE,United Arab Emirates,2016,0.18856,53
ARE,United Arab Emirates,2017,0.14433,57
ARE,United Arab Emirates,2018,0.1056,56
ARE,United Arab Emirates,2019,0.18698,51
ARE,United Arab Emirates,2020,0.15828,53
ARE,United Arab Emirates,2021,0.15927,55
BIH,Bosnia and Herzegovina,2005,0.23831,43
BIH,Bosnia and Herzegovina,2006,0.32805,40
BIH,Bosnia and Herzegovina,2007,0.34821,46
BIH,Bosnia and Herzegovina,2008,0.38851,43
BIH,Bosnia and Herzegovina,2009,0.41327,42
BIH,Bosnia and Herzegovina,2010,0.41983,43
BIH,Bosnia and Herzegovina,2011,0.47832,42
BIH,Bosnia and Herzegovina,2012,0.46515,42
BIH,Bosnia and Herzegovina,2013,0.4937,42
BIH,Bosnia and Herzegovina,2014,0.52337,42
BIH,Bosnia and Herzegovina,2015,0.43293,43
BIH,Bosnia and Herzegovina,2016,0.43647,42
BIH,Bosnia and Herzegovina,2017,0.4887,40
BIH,Bosnia and Herzegovina,2018,0.5344,40
BIH,Bosnia and Herzegovina,2019,0.57635,38
BIH,Bosnia and Herzegovina,2020,0.53334,42
BIH,Bosnia and Herzegovina,2021,0.66285,38